Student,Q1,Q2,Q3,Q4,Q5,Q6,Q7,Q8,Q9,Q10,Q11,Q12,Q13,Q14,Q15,Q16,Q17,Q18,Q19,Q20,Q21,Q22,Q23,Q24,Q25,Q26
1,A,E,AE,AB,C,AC,D,ABD,B,B,A,A,AC,E,B,BC,A,D,C,C,C,B,C,D,B,C
2,A,E,B,BE,A,A,C,ABCD,B,B,A,AB,ACD,E,C,ABCD,ABD,B,B,C,B,C,D,C,B,E
3,A,E,AD,BE,AB,AC,C,ABCD,A,AB,A,AB,AD,A,B,AD,ABD,B,ADE,B,A,A,B,B,A,ABD
4,A,E,B,A,AC,A,ABC,B,B,C,BD,B,B,E,E,D,C,A,BC,B,C,C,BC,B,C,A
5,A,E,C,B,C,B,C,A,B,B,C,B,B,D,B,D,B,B,A,A,A,B,C,D,A,C
6,A,E,AC,BD,BC,AC,BC,AB,CD,C,A,AB,A,E,BC,BD,AB,C,E,B,C,B,B,B,AB,D
7,A,E,ABE,BE,C,AB,BC,ABC,BD,B,CD,B,AD,AB,ABC,ABD,ABD,AC,ACD,BD,AB,BC,AC,C,AB,CD
8,A,E,A,B,A,ABC,C,ABCD,AD,AC,A,C,AD,E,C,D,BD,BC,CDE,BC,A,ABCD,AB,C,C,D
9,A,E,B,A,AC,A,C,D,B,C,AD,B,AC,B,B,ABCD,C,BC,E,B,AC,ABCD,C,A,B,C
10,E,E,A,B,C,A,BC,D,C,B,D,B,B,BC,E,BCD,B, ,C,B,C,B,D,D,C,CD
11,A,E,B,B,A,A,C,D,C,D,B,A,D,A,C,A,C,A,A,C,B,A,B,C,D,C
12,A,E,A,B,AB,A,A,C,B,C,A,A,A,E,B,ABCD,BD,B,E,B,C,C,B,B,ABD,D
13,A,E,ABE,ABE,A,A,A,ABCD,ABCD,A,B,B,C,D,C,BD,AD,ACD,C,B,D,B,A,A,B,B
14,A,E,C,E,C,A,B,B,B,B,ABC,AB,ACD,AC,BD,BD,ABD,B,DE,B,C,ABC,B,A,C,A
15,A,E,ACE,B,A,BC,AC,C,ABC,BD,ACD,B,C,D,B,D,C,C,D, , , , , , , 
16,A,E,AB,E,AC,A, ,C, ,AC,AC,C,BD,E,C,AD,BD,BC, , , , , , , , 
17,A,E,A,B,C,AC,C,AB,CD,A,A,B,AD,E,E,D,A,B,D,C,C,A,C,B,A,C
18,A,E,AC,BD,AB,A,AB,AB,A,B,A,A,B,AC,C,D,BCD,A,CD,D,C,A,B,A,A,D
19,A,E,A,B,AB,B,ABCD,ABC,A,C,A,B,A,A,B,A,AB,A,C,B,C,A,B,C,ABCD,ABCD
20,A,E,B,B,A,A,C,D,AB,C,A,A,AD,E,E,ABD,BD,B,E,B,C,A,A,B,BD,D
21,E,E,A,B,C,A,C,D,C,A,B,A,B,C,D,A,D,A,B,B,C,B,C,C,C,B
22,A,E,AB,BE,AB,AC,ABC,BCD,A,A,A,A,AD,E,C,ABCD,C,B,CE,B,A,BC,B,C,A,ABCD
23,A,E,AB,DE,AB,A,ABCD,D, ,B,ABC,B,AD,E,B,BD,BD,B,CD,B,AC,A,B,C,ABCD,ABD
24,A,E,AB,BE,A,A,B,AB,D,BC,AD,AB,AD,AC,BC,ABD,C,B,DE,D,A,AB,B,A,AB,ABCD
25,A,E,A,B,C,A,B,AB,D,A,A,B,A,E,B,B,C,B,CD,C,A,A,B,C,D,D
26,A,E,AB,AB,AB,A,BC,AB,CD,D,A,B,AD,E,E,AD,B,B,CE,B,B,AB,A,C,ACD,AC
27,A,E,A,B,A,A,D,B,C,A,D,A,A,D,B,D,C,B,A,B,B,B,B,C,B,C
28,A,E,A,B,C,BC,C,CD,C,B,AD,AB,BD,E,C,BCD,AD,B,D,B,C,D,C,B,ABD,D
29,A,E,BE,AD,AB,A,CD,ACD,ACD,D,BD,A,A,E,B,ABD,ABD,B,ACDE,AD,A,ABC,BC,B,ABC,BD
30,A,A,D,B,ABC,A,C,D,A,C,A,AB,A,E,E,D,D,B,CD,B,B,A,C,C,BD,A
31,A,E,BE,C,BC,A,C,D,A,B,AD,B,BD,E,B,A,B,C,E,C,B,AB,C,D,ABD,B
32,A,E,B,A,B,B,C,AD,A,D,A,B,AC,E,B,AD,A,A,B,C,A,B,A,AD,A,AD
33,A,E,BD,A,A,A,D,AB,A,B,A,B,BD,C,C,ABCD,A,ABCD,AC,AB,ADE,AB,AD,A,A,B
34,A,E,A,A,BC,AC,ABCD,D,AB,A,D,A,B,A,B,C,B,A,B,C,B,A,B,C,B,A
35,A,E,A,B,ABC,A,AB,AC,C,A,D,A,AD,A,B,ABCD,B,A,C,B,C,A,B,B,ABCD,CD
36,C,E,A,B,B,B,A,B, ,D,B,C,B,B,C,A,D,A,B,B,B,C,B,C, ,C
37,A,E,A,B,A,AC,C,ABC,B,B,A,C,AC,ABC,B,B,AB,C,D,B,B,CD,A,C,AC,CD
38,A,E,AB,AB,B,A,D,AB,D, ,A,A,C,E,B,D,BD, , , , , , , , , 
39,A,E,AB,AB,AB,AB,A,ABC,C,B,BD,C,AD,A,B,AB,C,B,A,B,A,AD,C,C,AB,D
40,A,E,A,BC,BE,A,AB,D, ,C,B,AC,B,ABCD,B,D,ABD, ,ABD,C,A,A,A,D,BD,ABCD
41,A,E,A,B,A,AC,C,CD,D,D,AD,AB,ACD,A,C,ABD,ABD,B,A,C,B,B,B,D,E,E
42,A,E,AB,AB,A,B,C,ABD,BC,BC,ACD,C,AC,AB,ABE,BD,ACD,AC,CE,ABCD,BC,AD,C,B,BD,AB
43,A,E,A,B,A,A,D,D,B,C,A,B,D,A,B,D,A,B,C,D,A,C,B,B,D,C
44,A,E,E,B,A,AB,B,ABD,AB,A,ABCD,B,BE,E,B,D,AB,BC,CD,B,A,C,B,B,BD,BD
45,A,E,B,A,C,A,A,CD,CD,A,A,AB,C,C,E,BC,AD,D,D,D,B,AB,ABC,C,ABD,C
46,A,A,AD,BE,AB,A,BC,D,ABD,A,A,C,A,E,BC,AD,BD,B,AC,AC,AB,BC,B,A,B,A
47,A,E,AB,AE,AB,AC,C,CD,B,C,ABC,AB,A,A,B,AB,ABD,B,ABC,C,A,AB,B,C,A,D
48,A,E,ABC,BDE,AB,AC,BC,ABD,A,D,A,B,A,E,B,ABC,BC,B,CD,C,C,B,B,C,ABCD,C
49,A,A,B,B,A,A,B,A,C,B,A,C,B,A,B,D,A,A,A,C,B,A,B,B,C,A
50,A,E,A,BE,AB,AC,C,AB,CD,A,A,C,ACD,AC,C,D,BD,B,D,B,A,A,B,C,AC,BD
51,A,E,B,BE,A,A,A,ABCD,B, ,A,A,AC,E,C,ABCD,BC,B,B,AB,C,AC,C,AD,B,CD
52,BE,E,A,B,ABC,ABC,B,A,A,A,AD,A,A,E,BC,AB,A,B,C,B,AB,AD,B,C,B,D
53,A,E,A,B,C,C,C,B,A,A,A,C,D,E,C,D,B,B,CDE,C,A,C,B,C,D,A
54,A,E,ABD,BE,ABC,AB,BD,BCD,B,B,C,AB,AD,E,E,D,ABD,B,D,B,BC,A,C,B,B,D
55,A,E,AB,B,AB,AC,D,AB,A,B,A,B, ,B, ,B,C,BD,A,A, ,A,A,B,A,A
56,A,E,A,A,B,AC,D,B,C,A,D,B,C,D,CE,B,D,A,B,C,C,B,A,D,D,D
57,A,E,AC,BC,C,AB,C,CD,ABD,AC,ABCD,B,AD,AC,D,AB,A,B,DE,D,AB,ABC,BC,AD,ABD,BD
58,A,E,A,B,C,A,B,D,C,C,C,A,A,A,B,D,A,B,D,C,A,A,C,C,D,B
59,A,E,A,B,AB,AB,C,C,D,C,A,C,CD,BC,B,ABD,B,B,E,B,B,ABC,BC,C,ABC,ABD
60,A,E,AB,AB,C,A,D,AB,C,AC,A,B,AD,E,B,AD,AC,BC,B,A,C,ABCD,A,B,AD,CD
61,A,A,A,B,AC,A,C,ABCD,AB,C,A,B,ACD,ABC,E,ABD,ABD,B,AD,AB,AC,AC,AB,B,AB,BD
62,A,E,A,BD,AC,ABC,C,AB,ABC,B,C,B,AD,E,E,BD,C,BC,CD,B,B,AB,A,B,AD,C
63,A,E,B,A,AC,AB,A,ABC,B,B,AC,B,BD,E,B,A,B,A,C,D,C,AD,BC,B,AC,B
64,A,E,AB,AD,AC,AC,C,ABC,C,C,CD,AB,AC,E,B,A,C,C,CE,B,C,ABC,B,B,AC,ABD
65,A,E,A,D,C,A,C,A,D,B,A,B,A,C,B,B,A,C,B,B,D,A,C,C,B,A
66,A,E,A,B,AB,AC,A,BC,B,C,A,AB,A,A,C,AD,ABD,B,D,C,C,AB,B,C,ABCD,BC
67,A,E,AC,BD,AC,ABC,C,ABD,BCD,B,ABC,AB,ACD,E,E,BD,AB,BC,CD,B,A,ACD,B,C,B,D
68,A,E,A,B,BC,ABC,CD,ABC,A,B,A,A,AD,E,E,BD,BD,B,BD,C,C,ABCD,A,C,ABD,A
69,A,E,BE,AD,AB,A,C,ABCD,B,A,A,B,BD,E,E,D,AD,B,C,C,C,A,B,C,AC,BD
70,B,E,A,B,B,B,C,D,D,A,A,A,A,A,B,D,D,C,C,C,B,A,B,A,A,D
71,A,A,B,B,ABC,A,CD,ABC,A,A,D,C,AD,E,ABCD,ABD,AC,B,A,C,C,D,C,A,ABCD,C
72,A,E,A,B,A,ABC,B,AB,C,B,ABCD,C,AD,E,B,ABCD,C,BC,D,C,B,ABCD,A,B,C,AD
73,A,E,A,D,A,ABC,AB,D,A,C,AC,C,CD,AC,B,ABD,ABD,CD,CD,B,B,D,C,C,C,C
74,A,E,A,BE,A,C,A,ABC,C,C,AC,AB,A,E,C,AD,BD,B,ACD,B,AB,C,B,C,A,ABCD
75,A,E,AD,BE,A,AC,D,AB,AB,B,A,AB,A,AD,C,BD,ABD,B,CDE,C,C,AC,B,B,ABD,D
76,A,E,AB,BD,C,A,BC,ABD,BD,AD,AD,C,A, ,D,A, , ,C, ,C,B,A, , , 
77,A,E,A,B,C,A,AB,CD,A,C,AB,ABC,A,BC,BD,AD,BD,A,E,C,A,A,BC,C,ABD,ABD
78,A,A,BE,A,AB,A,D,AB,C,D,A,A,C,E,C,D,C,B,CD,B,B,B,A,C,A,B
79,A,E,AC,BD,ABC,AB,AB,C,D,AC,ABC,C,ACD,ABC,C,ABC,AD,C,D,BD,A,BC,C,D,AC,BD
80,B,E,D,C,ABC,AC,D,ABC,AB,C,A,B,A,C,D,B,D,B,AC,B,C,A,ABC,C,AD,ABD
81,A,E,B,A,B,A,C,D,A,D,A,B,A,A,C,B,D,C,C,D,A,B,B,C,ABD,BD
82,A,E,AD,BE,A,AC,C,ABCD,A,C,A,AB,A,AC,D,AB,BD,B,ACD,B,A,A,B,C,ABCD,ABCD
83,A,E,A,B,A,ABC,D,AB,A,B,A,B,D,AC,AC,AD,ABD,A,E,C,B,ABCD,C,A,B,CD
84,A,E,A,B,ABC,A,BD,ABC,ABC,C,A,B,A,A,E,ABCD,ABD,A,ACD,B,A,B,B,C,B,D
85,A,E,AC,ABD,A,ABC,AB,AB,C,B,A,A,AC,E,E,A,C,B,D,B,C,D,AC,B,AB,AD
86,A,E,AB,BDE,AB,ABC,D,AB,AD,B,C,B,ACD,C,D,AB,ABD,B,E,B,A,ABCD,B,C,ABCD,BCD
87,A,E,A,B,A,A,C,ABD,C,B,A,C, ,ABC,D,B,A,A,D,A,A,C,A,C,ABD, 
88,A,E,BE,C,B,F,C,E,A,D,B,DG,B,D,C,C,A,D,B,E,B,D,C,F,B,E
89,AE,E,A,B,C,AC,B,ABC,B,B,ABC,B,ACD,E,C,ABCD,B,B,CDE,B,A,ABCD,A,B,ABCD,ABCD
90,A,E,AD,BE,A,AC,B,ABC,B,A,A,ABC,BD,A,BC,D,BD,A,CD,D,B,D,C,B,D,B
91,A,E,B,C,C,A,C,D,C,A,D,B,A,E,E,A,C,B,B,B,B,A,B,D,A,C
92,A,E,BC,AC,AB,A,ABCD,BC,D,B,ABCD,ABC,D,A,B,ACD,C,B,ACD,C,C,CD,C,C,ABCD,ABCD
93,A,E,A,BC,A,A,A,AD,A,C,A,A,B,B,B,AB,AB,A,D,C,A,D,A,A,D,B
94,A,E,BE,ABD,C,A,CD,BD,BC,BD,A,C,BCD,E,B,ABD,ABD,BC,AD,C,C,A,B,D,ABC,ABCD
95,A,E,A,B,C,A,B,D,D,D,A,C,B,A,B,A,A,C,C,C,C,A,B,A,D,B
96,AB,E,B,B,AC,AC,BCD,B,C,B,A,B,A,A,B,A,B,A,C,BD,A,B,A,C,ABD,D
97,A,E,A,B,C,A, , , , ,A,A, , , ,B, , , , , , , , , ,BD
98,A,E,ABE,BDE,BC,B,ABD,ABCD,BC,BD,A,AB,AD,AC,B,ABD,ABD,D,C,B,C,B,AC,B,AB,C
99,B,A,C,D,C,B, , ,C,D, , , , , ,D,C, , ,B, ,D,C,B, , 
100,A,E,AE,B,A,B,D,C,AB,CD,A,ABC,D,B,B,CD,C,A,D,BD,A,AC,C,C,CD,AC
101,A,E,B,B,C,A,D,C,C,B,A,B,CD,E,C,AC,AD,D,B,B,A,AB,A,B,ABD,ABCD
102,A,E,AB,BE,C,ABC,B,ABCD,C,CD,AC,AB,A,E,C,BCD,BD,B,ACD,B,AC,A,B,C,ABC,ABCD
103,A,E,A,B,AB,AC,AD,ABC, , , , , , , , , , , , , , , , , , 
104,A,A,AB,ABE, ,ABC,C,D,B,A,ABCD,BC,BCD,E,C,AB,AB,A,E,D,A,BC,A,C,C,C
105,A,D,B,E,A,AB,D,CD,D,B,C,AB,A,E,E,AC,A,B,AE,D,C,A,B,D,BD,CD
106,B,E,AB,AB,C,A,B,CD,C,C,A,C,B,A,C,CD,A,B,B,C,B,A,B,B,ABD,B
107,A,E,ABD,BE,A,ABC,AD,ACD,A,C,AC,AB,A,E,B,ABD,BD,B,ACDE,B,A,ABC,C,C,ABCD,ABCD
108,A,E,AB,AB,B,AB,C,ABC,D,C,BC,B,BC,C,E,B,D,C,E,B,B,C,B,D,AC,D
109,A,E,ABD,ABD,BC,ABC,CD,AC,AD,BD,B,B,BC,BD,BC,ABCD,AB,BC,AB,D,AC,BD,AB,B,ABD,BD
110,A,B,AC,BD,C,B,B,ABCD,A,B,AD,B,A,A,B,A,BC,A,E,C,B,A,A, , , 
111,A,E,A,B,A,B,C,A,C,A,A,A,A,A,B,C,B,C,B,C,C,B,C,D,A,D
112,A,E,AC,B,AB,AC,D,ABCD,A,D,A,B,AD,AC,B,ABD,ABD,B,AD,B,C,A,A,C,ABCD,ABCD
113,A,E,BD,AC,B,A,B,B,C,A,ABC,AB,A,A,B,ABC,C,B,CD,B,C,A,A,D,ABD,C
114,A,E,AD,BE,AB,A,D,ABCD,A,C,A,AB,A,AC,B,D,BD,B,AC,D,A,A,B,C,ABCD,AB
115,A,E,AB,B,ABC,AB,A,ABC,AC,ABCD,ABD,A,ACD,AD,C,AB,AC,AC,A,C,C,A,A,B,A,C
116,A,E,BE,AD,A,AC,A,BC,B,C,AC,AB,A,A,BC,AB,C,A,D,B,A,A,B,C,ABD,ABCD
117,A,E,BC,D,AB,A,B,ABC,BC,B,A,B,AC,ABC,D,BD,B,B,CE,AC,B,ABC,B,C,ABD,ABCD
118,A,E,A,BE,A,A,BC,ABC,AC,BD,A,B,AD,E,BC,AD,ABCD,BC,ACDE,B,AC,ABD,ABC,B,ABCD,ABCD
119,A,E,AB,BE,AB,AC,CD,BD,BC,B,BC,AB,AC,A,B,D,B,B,C,B,C,A,B,C,B,D
120,A,E,A,B,B,A,C,B,A,C,A,B,BC,E,E,BD,C,B,BC,C,B,A,B,D,ABCD,BD
121,A,E,ABC,B,A,AC,ABCD,ABCD,BCD,AB,ABD,C,AC,ABC,BC,ABD,ABD,B,ACD,B,C,ABC,B,A,ABCD,ABD
122,A,E,A,B,A,BC,AB,ABCD,A,AC,AC,B,A,ACD,A,A,C,AC,B,C,B, ,A,A,BCD,BD
123,A,E,AB,BE,A,BC,D,AB,C,C,A,B,AD,AC,B,D,BC,B,CD,A,AC,B,C,D,ABD,D
124,A,E,D,E,A,ABC,B,A,AC,BD,A,A,A,A,B,ABD,ABD,C,ACD,A,A,ABC,BC,C,ABCD,ABCD
125,A,E,ABE,ABC,A,A,C,C,D,B,D,B,AC,A,BC,A,AB,A,B,C,B,B,A,A,ABD,BD
126,A,A,B,B,A,C,ABC,ABCD,ABCD,C,C,A,BC,A,B,ABD,ABD,C,DE,AD,A,C,B,CD, ,D
127,A,E,B,D,A,A,C,C,B,A,C,C,B,E,BC,C,D,B,B,A,B,CD,A,D,C,B
128,A,E,BD,A,AB,A, ,AB,A,B,A,CD,B,BCD,B, , ,B, , , , , , , , 
129,A,E,A,B,A,A,C,A,BC,C,AD,B,A,E,D,C,A,A,B,C,B,B,A,B,A,B
130,A,A,A,B,A,A,ABC,AC,BC,ABCD,AD,AB,BC,ABC,AB,BC,BCD,AB,AB,C,C,ABC,AB,AB,BC,B
131,A,E,AE,A,C,C,B,D,D,B,A,B,A,E,C,D,BD,A,CD,C,A,A,C,D,B,D
132,A,E,ABD,DE,AC,ABC,A,D,CD,A,D,A,ACD,C,C,AD,D,C,D,B,A,AB,B,C,B,A
133,A,E,A,B,A,C,A,B,C,A,A,B,B,C,C,A, ,B,A,B,B,C,B,C,A,B
134,A,E,AD,B,BC,A,A,C,C,B,ABC,B,AC,E,E,CD,A,C,B,D,B,B,C,C,BD,BD
135,A,E,ABC,ABDE,BC,BC,C,ABCD,ACD,C,A,A,AD,BD,D,AB,ABD,B,AD,BC,B,C,B,D,B,C
136,A,E,A,B,B,AC,D,B,C,A,AB,AB,AD,AC,E,BCD,AB,BC,C,D,B,ABC,A,B,B,D
137,A,E,AB,BD,A,A,C,B,C,A,B,C,A,BC,E,D,A,B,AD,B,C,C,C,D,ABCD,ABCD
138,A, ,AD,BE,A,AC,B,ABC,B,D,A,B,A,A, ,A,BD,B,AD, ,A,A,B,C,ABD,ABC
139,BCD,E,A,B,AB,BC,D,ABC,A,C,A,A,ACD,E,E,ABCD,ABD,A,ACD,D,C,ABCD,B,D,ABD,C
140,A,E,B,A,AB,BC,A,AB,B,B,A,C,AD,A,B,AD,A,B,C,D,A,AC,A,C,BD,D
141,A,E,A,B,C,A,ABC,ABCD,B,C,D,BC,AD,E,E,D,AB,A,AC,C,C,ABC,B,C,AB,D
142,A,E,ABCD,ABCD,A,C,C,ABC,D,B,B,B,A,E,B,AD,ACD,B,C,B,C,ABCD,A,C,AB,ABD
143,A,E,AC,BDE,AB,ABC,D,BD,BD,B,AC,B,AD,AC,B,AD,BD,C,AD,C,B,ABD,B,C,BCD,AC
144,A,E,AB,E,AC,A,C,AD,CD,B,A,A,C,E,E,BC,A,A,AE,C,A,A,C,B,BD,ACD
145,A,E,B,A,AC,B,D,BC,B,C,A,B,A,E,C,C,C,BC,C,C,C,A,B,A,ABCD,D
146,A,E,A,B,AB,ABC,ABD,D,A,ABCD,C,B,ACD,E,E,ABD,ABD,B,ACD,B,AC,A,ABC,C,ABCD,ABD
147,A,E,A,AB,AB,AC,AB,ABC,B,B,ABC,AB,ACD,E, ,ABD,AB,A,CD,AB,B,ABC,A,C,ABC,B
148,A,E,AB,B,B,ABC,C,ABCD,BD,B,A,ABC,A,E,C,AB,A,B,D,C,C,AC,B,C,A,C
149,A,E,C,D,A,AC,D,BC,C,C,D,C,AD,A,F,AB,D,B,C,B,A,AC,ABC,B,ABC,ABCD
150,A,E,A,D,ABC,AB,B,ABC,AB,B,AC,ABC,AD,ABC,D,ABCD,B,A,BC,B,B,ABCD,A,C,ABCD,ABCD
151,A,E,AB,BDE,AB,A,ABD,AB,B,C,C,AB,A,ABCE,B,D,ABD,B,CE,C,A,D,A,D,A,D
152,A,E,B,B,AB,AC,C,AB,B,B,D,B,D,E,B,D,D,C,C,D,B,B,A,C,C,B
153,A,E,B,D,A,B,A,C,D,B,A,ABC,BD,E,B,ABCD,B,A,ABCDE,C,B,ABCD,AC,D,ABCD,ABCD
154,A,E,AB,BE,BC,AC,AC,ABC,C,D,A,C,ACD,E,B,AD,ABCD,BC,AD,AD,AC,AC,A,ACD,D,C
155,B,A,AB,BD,ABC,ABC,BD,CD,A,A,A,BC,AD,E,BC,AB,A,B,CD,D,C,BCD,A,C,B,CD
156,A,E,B,E,C,A,C,BCD,B,C,C,B,BD,E,B,D,A,B,D,B,B,B,ABC,BD,AC,ABCD
157,A,E,E,B,A,A,C,ABCD,D,B,AB,A,BD,E,B,A,A,B,B,C,B,AD,B,C,ABD,BD
158,B,D,D,C,ABC,AC,D,ABC,AB,C,A,B,C,A,B,B, ,ABD,C,AC,BC,ACD,C,BCD,AD,ABD
159,A,E,B,B,A,B,C,ABC,ABC,B,A,A,D,E,C,A,B,C,C,A,B,B,C,C,A,A
160,A,E,AB,B,BC,A,C,ABD,A,A,BC,ABC,BCD,BC,B,D,AB,B,BCE,BD,B,D,C,C,ABD,ABCD
161,A,A,AC,A,AB,B,AB,AB,ABC,C,AB,A,A,C,B,C,AB,A,BCE,B, ,A,C,B,C,B
162,A,E,AB,B,ABC,AB,AB,ABC,D,B,C,C,AD,E,C,AD,B,C,C,C,C,B,B,D,C,A
163,A,E,A,B,A,AC,C,CD,C,C,A,B,ACD,A,B,C,C,B,D,C,B,A,C,A,D,BD
164,A,E,A,B,AB,A,BC,BD,AC,A,A,AB,AD,B,A,AD,A,A,D,C,BC,A,A,D,ABCD,D
165,A,E,C,BD, ,CE,C,AB,B,C,D,C,C,D,C,E,C,B,E,C,B,A,B,C,AB,C
166,A,E,AB,BE,AB,AB,C,D,C,B,A,B,D,E,E,A,D,B,DE,B,AC,A,B,C,AC,C
167,A,E,E,B,B,A,C,AB,C,D,AD,B,AD,A,BC,ABD,B,B,CD,C,B,B,A,C,ABCD,ABCD
168,A,E,B,C,C,A,B,CD,C,A,AD,B,AD,E,CD,AC,C,BC,DE,B,C,A,B,B,B,D
169,B,ABC,ABCD,BE,AB,AB,ABCD,BC,AD,C,ABC,ABC,AD,E,ABCD,AD,ACD,ABCD,E,D,C,B,A,A,ABC,ABC
170,A,ABCD,C,BE,A,AC,B,AB,AB,A,A,A,A,E,B,BD,BD,A,D,B,C,A,B,C,A,ABCD
171,A,E,AB,AB,AB,C,ABC,A,D,D, ,ABC,A,E,B,D,C,C,E,AC,A,A,C,C,ABD,BD
172,A,E,AC,AC,A,B,C,A,B,C,A,C,A,B,C,B,A,D,B,C,A,A,B,B,A,B
173,A,E,AD,BE,BC,ABC,A,AB,C,B,ABC,B,AC,AC,BD,ABD,ABC,C,BCD,D,AC,ABC,C,C,ABD,BD
174,A,D,A,B,A,B,B,A,B,D,A,C,A,E,E,A,C,B,C,C,C,B,A,C,B,A
175,A,E,C,B,A,AC,AB,D,AB,A,ABCD,C,A,B,AC,B,D,BD,AC,AB,C, ,C,A,C,B
176,A,E,A,B,A,AB,C,AC,A,B,A, ,D,A, ,B,B,B,C,B,C,C,A,B,ABCD,ABCD
177,A,E,B,BD,AB,A,A,D,D,B,A,C,AC,E,E,D,B,C,D,C,B,A,ABC,C,ABCD,ABCD
178,A,E,A,B,BC,A,C,ABC,B,A,AB,AB,AD,E,E,ABC,AD,A,D,A,A,D,B,B,ABC,BCD
179,A,E,B,A,A,C,D,A,C,B,A,C,B,D,E,A,C,C,A,C,BD,C,A,C,A,B
180,A,E,BE,AB,ABC,A,C,ABC,AB,BD,ABCD,A,C,AB,CD,C,AD,AD,D,B,C,A,B,C,BD,C
181,A,E,A,B,C,A,C,BD,D,AB,A,AB,A,AE,B,A,AD,A,AD,B,C,A,B,C,A,ABCD
182,E,E,AB,CE,ABC,ABC,C,AD,BD,B,A,C,AD,E,B,C,C,B,D,B,C,A,C,C,ABD,C
183,A,E,AB,E,ABC,A,BC,BCD,BC,B,A,A,ACD,D,B,AD,AB,B,C,B,B,D,B,C,ACD,B
184,A,E,AD,BE,A,AC,D,ABCD,CD,D,AC,AB,A,AC,B,ABD,BD,B,ACD,D,A,AC,B,C,ABCD,BD
185,A,E,A,B,AB,B,C,AB,C,D,AB,C,C,C,B,ABD,AD,A,A,D,C,ABC,A,A,B,D
186,ABE,E,AD,B,AB,ABC,C,B,B,AC,A,AB,A,A,B,ABCD,C,A,D,B,A,ABC,B,C,A,A
187,A,E,A,B,C,A,BC,B,ABC,D,B,B,AD,A,B,A,AB,A,CDE,B,B,A,A,C,A,B
188,A,E,AD,CE,C,AB,AC,A,A,AC,ABC,B,A,E,AB,ABC,AC,AD,C,AC,A,ABC,B,C,ABCD,AB
189,A,E,AB,BC, ,C, , ,C,D,ABCE,CE,ABCE,AE,ABCE,B,BC,D,B,A,A,AC,A,AC,ABCD,C
190,A,E,B,A,A,ABC,B,AB,B,B,C,ABC,A,A,E,A,C,B,CDE,B,C,A,B,C,ABD,ABD
191,A,E,AB,BE,AB,A,BCD,AC,CD,A,AB,AB,A,E,B,D,ABD,A,CD,B,A,ABC,AB,B,ABCD,BC
192,A,E,A,BDE,C,A,BCD,D,C,C,A,B,AC,C,CD,BCD,ABD,A,DE,B,AC,BC,B,A,AB,ABD
193,A,E,BE,AD,AB,AC,D,ABCD,B,D,A,AB,A,E,B,AD,BD,B,ADE,B,B,AC,BC,C,ABCD,ABC
194,A,E,ABE,BC,ABC,BC,C,AB,D,B,A,ABC,AD,A,B,ABCD,ABD,B,C,D, ,A,A,D,ABCD,ABCD
195,A,E,A,B,A,AC,C,CD,C,C,A,B,ACD,AD,A,B,A,A,B,B,C,A,C,B,A,A
196,A,E,A,B,B,AC,C,BC,AB,B,A,AB,AD,AC,E,AD,ABD,B,CD,B,C,CD,A,B,AC,BCD
197,AE,E,B,E,A,A,C,ABC,AB,A,A,ABC,A,A,E,D,BD,B,D,B,B,A,B,B,ABDE,D
198,A,E,A,B,ABC,ABC,AB,ABC,A,B,AB,A,D,E,E,D,C,A,CD,B,B,A,B,A,B,D
199,A,E,B, ,A,ABC,AB,BCD,BC,B,B,B,A,ACD,B,ABD,C,B,CD,C,C,ABCD,B,C,ABCD,ABCD
200,A,E,A,CD,C,AB,C,AB,C,B,A,B,A,A,B,D,AB,BC,CDE,C,A,C,B,B,A,D
201,A,E,AD,BE,C,C,D,ABC,B,C,AC,AB,A,A,B,ABD,BD,B,CD,B,AC,A,B,C,ABCD,ABCD
202,A,E, , , , , , , , , , , , , , , , , , , , , , , , 
203,A,E,AB,DE,ABC,AC,ABC,ABCD,A,C,AB,B,AC,A,C,ABCD,AB,BC,C,B,ABC,AB,B,C,ABCD,ABC
204,A,E,A,B,A,AC,C,B,C,B,A,C,D,B,C,AD,A,B,D,C,A,C,C,D,C,A
205,A,E,E,A,A,C,C,D,C,D,B,A,C,C,A,B,C,A,A,C,B,A,C,C,B,D
206,A,E,A,B,C,A,C,BC,AD,D,C,B,D,ABCD,BD,B,C,A,B,B,C,D,B,A,ABD,ABCD
207,A,E,B,B,A,A,D,B,C,B,A,B,BCD,E,BC,ABCD,B,BC,BCD,D,C,ABCD,B,D,ABCD,ABD
208,A,E,BDE,AC,AC,AB,C,AD,AB,B,A, , ,AC,AD, ,A,C,BD,D,A,BD,C,C,ABD,C
209,A,E,A,B,ABC,AC,A,ABC,ABC,C,A,A,BCD,BC,B,AC,AC,B,C,D,B,ABC,B,B,ACD,C
210,A,E,A,B,AB,A,C,C,D,B,A,B,A,E,E,D,AB,B,CD,BC,D,C,C,A,D,C
211,A,E,C,D,C,A,CD,B,A,B,A,B,A,E,B, ,B,A,D,B,B,A,C,B,B,D
212,A,E,A,B,A,AC,A,ABC,AB,B,A,AB,ACD,BC,E,BCD,BC,AD,CD,C,B,AB,B,C,D,B
213,AC,A,B,A,BC,A,D,ABC,ABC,D,A,C,AC,E,E,D,B,C,C,C,C,CD,ABC,AD,C,A
214,A,E,A,B,AB,C,B,ABC,B,D,AB,C,BD,A,B,A,AD,B,C,D,B,ABC,B,C,A,D
215,A,E,ABCD,E,A,AC,ABCD,ABCD,BCD,AB,A,B,A,AC,E,ABD,ABD,B,ACDE,B,AC,A,B,C,ABCD,D
216,A,E,B, ,C,A,D,D, ,D,D,C,A, ,B,D,A,B,C, ,B, ,C,B,B,D
217,AE,E,B,C,C,A,D,A,C,D,A,C,D,D,D,BC,B,A,E,D,A,D,A,D,ABCD,D
218,A,E,AB,B,B,ABC,C,ABCD,BD,B,A,ABC,A,E,C,ABC,C,B,D,C,C,A,B,C,A,C
219,A,E,ABDE,BE,AB,A,D,AB,C,AB,A,AB,AC,E,B,AD,ABD,AC,CE,B,C,AC,AB,C,ABC,ABCD
220,A,E,A,BD,A,C,ABCD,AB,B,B,A,C,D,E,B,C,BD,B,CE,C,C,AD,B,C,C,B
221,A,E,AC,BD,C,A,AC,A,BD,B,AB,A,A,AC,E,AB,AD,B,ACE,C,C,ACD,A,C,C,B
222,AB,E,A,B,A,A,C,D,C,A,A,B,A,E,E,AB,A,B,C,B,C,BC,A,C,B,D
223,A,E,A,B,AB,AC,AB,BCD,B,C,ABC,AB,A,E,D,ABCD,BD,A,D,B,A,AB,B,C,A,ABD
224,A,E,A,BDE,AB,ABC,C,ABC,C,B,ABC,B,D,AC,B,ABCD,AB,B,DE,D,AC,B,B,C,BD,BD
225,A,E,AD,BE,A,A,C,ABC,B,D,AB,B,B,E,C,CD,AB,A,C,D,C,A,B,B,AB,D
226,A,E,E,B,AB,A,D,ABC,D,D,A,B,AD,C,D,AC,AC,AC,D,C,C,A,B,BD,AD,ABC
227,AB,A,A,C,AB,AB,AD,AB,CD,AB,A,C,BCD,CE,B,AB,AB,BD,B,BC,AB,ACD,BC,CD,AC,BD
228,A,E,A,B,AB,AC,BC,ABC,BCD,BD,C,B,A,E,C,D,ABCD,A,CE,C,C,AB,B,C,ABD,ABCD
229,A,E,ABD,BDE,A,ABC,CD,ABCD,AC,C,BC,A,AD,E,E,ABD,ABD,B,BD,D,C,C,A,C,BD,D
230,A,E,BE,BDE,A,AC,ABC,C,D,C,D,C,A,B,A,ACE,A,C,A, , , , , , , 
231,A,E,A,B,A,ABC,D,AB,A,B,A,B,D,AC,AC,AD,ABD,A,E,C,B,ABCD,C,A,B,CD
232,A,E,AC,B,C,A, ,B, ,C,A,B,AD,E,E,D,ABD,AD,D,B,A,A,B,D,D,C
233,A,E,ABD,ABC,AC,AB,AD,B,C,B,ABC,A,AC,E,ACD,AD,C,A,B,AC,A,AC,A,A,C,A
234,A,E,A,B,A,B,BD,A,BC,B,A,B,D,E,E,AB,ABD,B,DE,C,C,B,A,D,ABC,ABC
235,A,E,AB,AB,C,B,C,ABC,D,B,A,B, ,E, ,BD,B, , , , , , , , , 
236,A,E,AD,BE,A,AC,B,ABCD,C,A,ABC,A,B,E,ABCD,B,BD,BC,AD,BD,C,ABCD,B,CD,ABCD,CD
237,A,E,B,A,AC,AB,AB,ACD,ABCD,C,ACD,B,ACD,ABD,BD,AC,BD,BC,AC,BD,AB,BC,AC,AD,ABD,AC
238,A,E,A,BE,A,AC,BC,AB,AC,BD,A,B,AD,AC,C,D,BD,BC,CDE,BD,AC,AD,AB,C,ABCD,ABCD
239,A,E,A,BE,AB,B,D,D,C,B,A,B,D,E,E,CD,D,B,A,C,B,B,B,C,B,A
240,A,E,B,A,AB,AC,D,BCD,C,B,ACD,B,A,E,C,AD,BD,A,BCD,BCD,C,A,C,C,B,C
241,A,E,A,B,AB,A,D,ABCD,C,AB,B,B,AD,E,E,ABCD,AD,BC,ACD,B,A,BD,BC,A,ABD,BD
242,A,E,ABD,BE,A,A,ABCD,AB,A,C,A,B,AD,AC,C,ABD,ABD,B,CD,B,A,A,B,D,A,ABCD
243,A,E,A,B,B,A,C,A,B,C,A,C,A,AC,B,BD,ABD,B,B,B,AC,AD,AB,BC,B,ABCD
244,A,E,A,B,B,A,A,D,C,B,A,B,A,A,C,D,BD,B,D,B,C,BC,C,C,D,B
245,A,E,A,B,ABC,A,AB,A,C,B,D,A,AD,A,B,ABCD,AB,A,C,B,B,ABCD,B,B,AD,ABCDE
246,A,E,B,D,C,AB,D,AB,C,A,A,AB,ACD,A,E,D,CD,A,A,D,B,A,A,C,CD,CD
247,A,E,A,B,AB,AB,B,CD,A,CD,A,B,A,AC,C,A,BD,B,D,D,C,A,B,C,A,ABCD
248,A,E,B,B,ABC,A,AC,C,CD,D,ABCD,B,AC,E,AB,D,BC,C,BE,B,A,B,A,CD,ABCD,ABCD
249,A,E,AC,BD,B,A,B,AB,A,AC,AB,B,AC,A,B,A,B,A,C,B,B,C,B,C,A,C
250,A,E,AD,BE,AB,AC,B,ABD,BD,A,A,B,A,B,A,BC,B,C,A,D,C,A,D,B,C,B
251,A,E,BE,D,C,AB,C,AB, ,B,BC,A, ,E,B,D,C,AC,ACD,B,C,AB,C,D,AB,BD
252,A,E,A,B,ABC,A,B,BC,B,A,A,B,AD,E,E,BD,ABC,B,DE,C,B,A,A,C,ABD,ABCD
253,ACE,E,A,B,C,A,B,CD,C,A,AD,B,AD,E,CD,ABC,AC,BC,DE,C,B,B,A,B,B,D
254,A,E,AD,BE,A,AC,D,ABCD,CD,B,A,B,A,E,C,AD,BD,B,D,C,AB,A,B,C,ABCD,ABCD
255,A,E,C,A,B,C,B,C,A,A,C,B,D,B,E,C,A,C,D,B,A,B,A,C,B,D
256,A,E,A,B,A,AC,C,AB,AB,D,ABC,A,ACD,E,B,ABCD,B,C,E,D,B,D,AB,B,ABD,ABCD
257,A,E,BE,B,C,AB,C,ABC,D,BD,ABC,B,AC,A,A,D,B,A,E,B,B,AD,C,AC,AB,B
258,A,E,AD,D,B,A,A,ABCD,C,B,ABCD,B,B,AC,B,BD,BCD,A,BC,B,AB,B,C,D,C,ABD
259,A,E,B,E,A,A,D,ABC,B,C,AC,AB,ACD,E,B,AD, ,B,ADE,B,A,AD,B,CD,ACD,ABC
260,A,E,AC,BD,ABC,A,CD,BD,BC,B,AD,AB,AC,AD,BC,ACD,AB,B,B,B,C,A,B,C,ABD,D
261,A,E,A,B,ABC,AB,C,BCD,CD,B,ABCD,A,A,E,C,D,A,A,C,C,C,C,A,D,ABCD,D
262,A,E,B,A,A,AC,BD,ABC,D,AC,A,AB,A,E,E,AC,ABD,B,C,B,C,C,B,C,ABCD,D
263,A,E,AD,BE,AB,AC,AB,ABC,BCD,A,C,B,A,E,E,ABCD,ABD,B,AD,AB,C,D,B,C,A,B
264,A,E,AB,BD,AB,AC,D,BCD,A,B,C,AB,AC,AC,B,AD,ABD,A,DE,D,AC,ABC,B,C,AB,BC
265,A,E,A,B,AC,ABC,A,AC,ABC,A,C,B,D,B,C,D,A,C,B,C,B,C,B,C,BC,D
266,A,E,AB,ABD,AC,A,C,AB,C,B,A,B,AD,E,BC,BD,B,B,E,C,B,ABC,B,C,ABD,BCD
267,A,A,A,B,A,ABC,CD,B,C,A,C,A,AD,E,BC,BC,AB,BC,BC,A,B,ABC,B,B,C,C
268,AB,E,E,B,A,AC,B,ABD,C,B,A,A,A,A,C,B,C,A,C,B,A,C,C,B,B,A
269,A,E,AD,BE,AB,AC,B,ABD,BD,A,A,B,A,A,B,D,BD,B,C,B,AC,A,B,C,AB,CD
270,AD,ABD,A,BE,AC,ABC,BC,ABCD,BD,C,A,AB,A,E,AC,ABD,BD,B,ACDE,B,C,ABC,AB,B,ABCD,ABCD
271,A,E,A,CD,AB,AC,A,BCD,C,D,BC,B,AD,A,B,ABD,ABC,B,E,C,AC,B,A,C,D,B
272,A,E,AB,BE,AB,AC,C,ABC,ABC,C,A,C,AD,E,A,ABC,ACD,AD,ADE,C,B,ABC,BC,D,ABCD,ABCD
273,A,E,AB,CD,AC,AB,AC,C,B,B,A,B,AD,A,C,AD,BC,B,E, ,B,A,A,C,C,AB
274,A,A,AB,DE,A,A,D,BC,D,A,A,A,AD,E,C,B,BD,A,C,A,C,B,B,C,AD,C
275,A,E,A,A,A,AC,CD,A,D,B,A,AB,D,ABC,D,BD,AD,B,B,C,C,D,A,C,ABD,AD
276,A,E,AD,BE,A,AC,BD,ABCD,A,C,A,AB,A,A,B,ABD,BD,B,CD,B,A,D,B,C,A,BCD
277,A,E,A,B,A,C,ABD,D,A,A,C,B,AD,E,E,BD,AB,B, , , , , , , , 
278,A,A,B,A,AB,AB,D,ABCD,B,B,A,C,A,A,C,D,AC,B,C,D,B,A,C,C,ABCD,D
279,A,E,B,B,A,C,D,ABCD,B, ,A,C,C,A,B,D,B, ,E,B,C,AC,B,D,ABCD,ABCD
280,A,E,A,B,ABC,AB,AB,ABC,A,B,BCD,B,A,E,E,A,AD,B,CDE,B,A,ABCD,B,C,ABCD,ABCD
281,A,E,ABE,BCDE,C,AB,D,ABCD,ACD,D,A,C,ACD,ABC,B,BD,B,BC,AC,B,C,AD,A,C,ABCD,AC
282,A,E,AB,AB,C,A,D,AB,C,AC,AD,B,BD,E,B,A,ACD,BC,B,ABC,C,ABC,C,BC,C,C
283,A,E,AC,BE,AB,B,D,ABC,AC,B,CD,B,A,E,B,BD,AD,A,CD,C,A,A,B,BC,B,D
284,A,E,ABCD,E,A,AC,ABCD,ABCD,BC,A,A,B,A,AC,E,ABD,ABD,B,ACDE,B,AC,A, ,D,A, 
285,A,E,B,C,ABC,C,D,C,A,B,ABCD,A,B,C,D,C,C,B,C,C,A,D,C,B,ABD,B
286,A,E,AB,BE,AC,AC,AB,ABC,D,C,A,B,A,A,D,AB,ABD,A,B,C,B,C,B,C,B,C
287,B,D,B,C,B,D,D,A,C,D,B,C,D,A,D,C,A,C,D,A,C,A,C,B,C,A
288,A,E,A,B,A,A,C,D,AB,B,A,AB,A,E,E,AB,A,B,C,B,C,B,A,C,B,D
289,A, ,A,B,C, ,C,ABC,B,B,D,C,A,A,B,D,B,B,C,B,C,C,B,B,A,C
290,A,E,A,D,C,AB,B,BC,A,D,A,B,AD,E,C,BD,C,AB,C,B,D,B,D,A,C,D
291,A,E,B,A,A,B,D,A, ,B,A,B,BD,D,B,D,B,A,B,A,B,BC,B,C, ,BCD
292,A,E,A,B,ABC,AB,BC,ABCD,BC,D,A,C,AC,E,B,ABD,ABD,A,C,C,C,ABC,A,C,ABCD,D
293,A,E,AB,DE,AC,A,C,ABC,AB,C,A,B,A,AC,E,ABCD,BD,B,DE,C,B,AB,B,B,ABC,C
294,A,E,AB,C,AB,A,AB,AB,C, ,A,A,D,E,C,A,B,C,E,D,C,A,A,A,A,B
295,A,E,A,B,AB,A,CD,ACD,A,C,AB,B,AC,B,C,A,C,A,B,A,B,D,C,A,C,B
296,A,E,AD,BE,ABC,B,B,ABCD,AC,C,ABCD,B,A,AC,BC,ABD,BD,BC,DE,B,A,C,B,BC,A,BCD
297,A,E,A,B,A,BC,D,ABC,B,BD,A,A,B,E,E,ABD,B,A,A,D,C,A,ABC,BC,ABC,AC
298,A,E,A,B,AB,AC,BC,AB,A,B,A,ABC,A,E,C,AD,B,B,E,B,C,ABC,B,D,B,D
299,A,E,A,B,A,A,D,ABCD,B,C,C,B,AD,E,E,D,A,B,C,D,B,D,B,C,ABCD,C
300,A,E,B,A,A,A,C,AB,D,A,A,B,A,E,E,B,C,B,C,B,A,C,D,B,C,C
301,A,E,AD,BE,C,AC,D,B,A,D,A,A,A,E,A,D,D,A,A,C,C,A,B,C,BC,CD
302,A,E,ABE,B,AC,A,C,C,C,B,D,C,B,E,B,BC,D,C,D,B,B,AC,A,B,BD,B
303,A,E,B,E,A,B,C,ACD,C,D,AC,A,BC,A,B,D,C,B,D,D,A,A,C,B,A,B
304,A,E,AD,BE,A,A,ABC,CD,CD,BC,AC,A,BCD,E,E,AD,BD,A,ACD,D,C,ABCD,B,C,ABD,ABD
305,A,E,B,A,A,A,B,C,AB,B,A,A,CD,E,E,ABC,C,D,C,C,C,A,B,C,ABD,ABCD
306,A,E,AC,D,ABC,A,BC,ABC,ABC,B,A,ABC,CD,C,BD,ABD,AD,B,D,D,B,D,AB,C,ABD,D
307,A,E,B,C,AB,AC,C,C,A,B,A,B,B,A,C,B,D,C,B,AB,AC,AB,A,B,C,B
308,A,E,A,BE,ABC,AB,AB,BC,ABC,D,AC,A,BD,ADE,BC,ABD,AD,B,ACD,B,AC,ABC,AB,B,A,BCD
309,A,E,AB,D,ABC,AB,ABC,AB,C,B,A,A,D,A,B,AB,ABC,BC,D,C,A,A,A,C,BC,C
310,A,E,A,BDE,ABC,A,C,AB,CD,CD,ABC,AB,BCD,AC,BC,ABD,ACD,B,BC,AD,AC,ABC,C,C,ABCD,ABCD
311,A,E,E,E,AB,ABC,AC,ABCD,CD,B,A,C,AC,E,E,ABD,A,AD,CD,B,AC,ABCD,B,D,ABD,BD
312,A,E,ABD,AD,AB,C,D,AB,ABC,A,B,ABC,C,BC,B,D,C,B,B,C,B,D,B,B,ABD,ABCD
313,A,E,BC,DE,AB,ABC,BC,ACD,A,B,C,C,AD,C,CD,CD,ABD,A,DE,B,C,AB,A,C,ABD,ABCD
314,A,E,ADE,BE,A,AC,D,D,D,B,ABC,AB,A,E,B,D,CD,B,AD,B,AC,A,B,C,ABCD,BCD
315,A,E,A,B,A,A,C,ABCD,C,B,A,C,B,ABC,D,B,AD,A,D,A,A,C,AB,C,ABCD,ABCD
316,A,E,AC,BDE,AB,A,C,BCD,BC,D,AC,B,BCD,ABC,DE,AD,ABD,A,ACD,B,B,CD,B,B,BD,BC
317,A,E,AC,BD,AB,A,AB,CD,C,AB,A,C,AC,ABC,B,AD,BC,AC,BE,B,B,ABCD,C,B,ABCD,AC
318,A,E,AB,BE,AC,A,D,B,CD,A,AC,AB,AD,E,B,AD,C,B,D,B,C,AD,BC,C,BD,AC
319,AE,E,B,BE,A,A,C,ABCD,B,B,A,A,AC,E,D,ABCD,AD,B,B,AB,B,A,AB,D,ABCD,D
320,A,E,B,B,AC,C,D,ABCD,D,D,D,B,CD,E,B,B,A,B,C,B,C,D,A,C,A,ABC
321,A,E,A,B,A,ABC,ABC,AB,AC,A,A,B,AD,AB,CD,ABC,BD,AC,BC,D,B,AC,A,C,D,B
322,A,E,BE,BE,AB,ABC,A,ACD,ABCD,AB,B,C,AD,AC,E,D,C,AC,D,C,B,C,B,C,ABCD,ABC
323,A,A,A,B,A,AC,ABC,ABCD,ABCD,C,C,A,A,A,B,ABD,ABD,C,DE,AC,A,C,B,C,B,C
324,A,E,AD,BE,ABC,AC,CD,AB,B,AC,A,AB,ACD,E,E,AD,ABD,A,ACD,A,A,ACD,B,B,ABCD,D
325,A,E,AB,A,A,B,D,AE,C,A,A,AB, ,E,B,AD,C,B,AC,B,A,AB,B,B,AD,B
326,A,E,BE,AD,AC,C,BC,C,D,B,A,A,D,C,B,E,ABD,AD,C,B,C,BCD,AC,C,ABD,B
327,A,A,A,BE,AB,A,C,ABC,C,B,A,AB,AD,A,B,AD,ABD,BC,C,D,A,A,B,C,ABCD,ABCD
328,A,E,C,B,AC,A,ABCD,CD,C,A,AD,B,AD,E,BC,ABC,AC,BC,DE,C,C,A,A,B,B,D
329,A,E,A,E,A,C,CD,AB,B,B,A,C,D,E,E,C,AC,A,E,C,AB,AC,C,C,ABD,C
330,A,E,AD,AC,A,AB,A,ABC,C,C,AD,B,AC,A,B,A,AC,BD,E,A,C,B,C,A,AB,C
331,A,E,ABD,BCE,AB,AC,BCD,ABCD,AB,C,BCD,C,A,A,B,ABCD,C,B,D,C,B,D,A,C,C,AB
332,A,E,AD,BE,ABC,C,C,ABCD,A,D,A,AB,B,AC,E,ABD,BD,A,CD,B,A,D,A,B,AB,ABD
333,A,E,AD,BE,AB,AC,C,ABCD,A,C,AC,AB,A,A,BC,AD,BD,BC,AD,BD,C,ABCD,B,D,ABCD,ABCD
334,A,E,A,B,A,AC,A,D,D,AB,A,B,A,E,E,BCD,B,C,CD,C,AB,ABC,AC,A,BD,BD
335,A,E,AD,BE,BC,AC,BD,ABD,B,AB,A,ABC,ACD,E,E,D,BD,B,D,B,C,AC,B,C,AB,ABCD
336,A,E,BE,AD,AB,A,D,ABCD,A,C,D,A,A,E,C,BD,ABD,B,ACD,B,C,A,B,C,ABCD,ABCD
337,A,E,AC,BD,AC,ABC,C,ABD,A,ABCD,ABCD,A,AC,EF,BE,ACD,A,BC,ADE,C,B,B,C,B,C,C
338,A,E,A,AB,AB,A,C,C,C,A,A,B,AC,E,E,C,AB,BC,DE,C,B,A,C,C,B,A
339,A,A,ABE,BD,AC,ABC,C,AB,D,B,D,C,D,C,B,A,A,B,D,D,C,A,A,C,A,C
340,AB,E,B,A,A,C,B,D,A,C,B,C,B,A,A,B,D,C,B,A,C,D,A,D,C,C
341, ,B, ,B,BC,AC,C, , , ,D,AB, , ,B, ,B,B, , , ,A, ,C, , 
342,A,E,AE,B,C,AC,CD,CD,D,D,A,C,BD,E,B,ABCD,BD,BC,BD,C,C,AC,C,D,AD,CD
343,A,E,B,A,AC,A,D,ABCD,A,D,ABCD,B,BC,E,B,B,C,B,A,AD,B,BD,C,C,ABCD,ABCD
344,A,A,B,A,ABC,B,C,B,A,AB,C,A,B,ABCDE,ABC,CD,C,A,ABCDE,C,A,B,C,B,A,C
345,B,C,C,AB,A,B,B,D,B,C,B,D,B,D,BC,C,AC,B, ,D, , ,B,B,C,D
346,A,E,AC,BE,A,BC,BD,AB,A,C,A,A,AD,E,E,AD,ABD,B,AD,A,ABC,C,C,C,A,ABD
347,A,E,A,B,AB,B,D,A,A,C,ABC,A,A,AC,B,A,D,A,E,B,C,A,C,C,A,A
348,A,E,A,B,A,A,B,ABC,B,C,AB,B,A,E,C,BD,D,A,A,B,B,A,C,B,ABCD,D
349,AF,AF,AF,AF,AF,AF,AF,AF,AF,AF,AF,EG,ACH,ABCDEFGH,ABCDEFGH,ABCEFG, , , , , , , , , , 
350,B,E,A,B,A,A,C,AB,ACD,D,C,B,AC,A,E,ABD,ABD,A,CD,C,C,A,B,C,BCD,BD
351,AE,E,AB,B, ,A,CD,B, ,D,AD, ,B, , ,A,D,B,B,C,C,A,B,C,AC,B
352,A,E,AC,BD,ABC,ABC,C,AB,CD,AB,AB,AB,A,E,B,BCD,AD,B,E,B,A,ABCD,ABC,C,AC,BCD
353,A,E,AC,BD,ABC,ABC,C,AB,C,A,AB,AB,A,AC,B,AD,ABD,BC,CDE,BC,C,CD,B,C,ABD,BC
354,A,E,A,B,A,A,B,D,AB,C,A,B,AD,E,B,ABD,AB,B,D,B,C,ACD,B,B,A,D
355,A,E,AB, ,DE,ABC,AB,C,ABCD,B,A,AC,AB,A,E,BCD,ABD,A,ACDE,C,B,ABC,B,C,B,ABCD
356,A,E,D,B,A,A,D,D,C,D,A,B,B,E,E,A,B,B,B,B,C,A,A,A,D,A
357,A,E,AB,BE,A,AC,ABC,BCD,B,A,A,B,AD,E,E,BD,CD,B,CD,B,C,AD,B,C,A,ABCD
358,A,E,B,DE,C,A,C,D,A,B,CD,C,A,E,E,D,AB,A,B,D,A,AD, , , , 
359,A,E,AC,B,AB,ABC,ACD,ABD,CD,BC,BCD,B,BD,BC, ,AD,ABC,ACD,AB,AB,AB,ACD,A,A,C,A
360,A,E,AC,BD,AB,AC,A,ABD,B,A,A,AB,A,ACD,C,ABD,ABD,B,CD,C,C,ABC,B,C,ABD,BCD
361,B,A,C,C,D,DE,C,C,B,B,C,A,B,A,B,D,C,B,A,B,C,D,C,B,A,B
362,D,C,B,A,B,C,D,E,F,G,H,H,H,H, ,F,E,D,C,D,E,D,C,B,A,H
363,A,A,BCD,AD,ABC,A,A,ABCD,ABCD,A,A,A,D,A,B,A,C,A,E,D,C,D,C,A,A,A
364,A,E,A,BE,A,C,D,ABC,D,A,A,AB,A,E,C,ABCD,ABD,D,D,B,C,D,C,A,ABC,ABCD
365, ,E,AE,BE,A,B,C,C,C,B,A,A,BD,A,B,A,B,BC,BC,C,C,B,AB,D,CD,AB
366,A,E,A,B,A,AC,C,B,C,B,A,C,D,B,C,BD,B,C,A,C,B,A,C,A,E,B
367,A,E,A,B,A,AB,C,BC,D,A,ABC,C,A,A,B,ABD,AB,BC,AC,B,B,ABC,B,B,ABD,D
368,A,E, ,A,A,AC, , , , ,A,AB,ACD,C,B,ABD,D, ,BD,B, , ,A, , , 
369,A,E,A,B,C,A,C,ABC,C,D,A,B,AC,AC,B,BD,B,A,A,C,B,B,B,D,ABD,ABD
370,A,E,AD,B,B,AC,C,BC,C,A,AC,C,AD,AC,E,ACD,BCD,AD,CD,AC,C,D,C,BC,AC,B
371,A,E,ABC,BDE,AB,AC,C,BCD,CD,C,AB,A,A,E,B,AB,ABD,D,ACD,C,C,B,C,C,ABCD,D
372,A,E,A,B,AB,AC,D,ABC,D,D,ABC,A,ACD,E,C,ABD,AD,A,AD,C,B,AB,C,C,ABCD,CD
373,A,E,ABE, ,BC,C,ABCD,AB,AB,D,A,B,AD,E,B,ABCD,ABCD,B,C,ABCD,A,A,B,C,ABCD,ABCD
374,A,E,C, ,B,AD,B,CD,AB,AD,C,B,BD,C,A,BC,B,B,AD,C,A,A,C,D,ABCD,ABCD
375,A,E,A,B,ABC,B,C,AC,A, ,A,B,AD,ABC,C,A, ,B,A,D,C,B,B,C,D,C
376,A,E,AD,BE,ABC,B,C,AC,A,B,D,A,AD,ABC,C,D,ABD,B,AD,AB,C,C,B,C,A,C
377,A,E,A,B,B,A,A,D,ABC,AC,B,A,A,B,E,AB,C,B,C,A,AC, ,B,B,CD,C
378,A,E,A,A,A,B,C, ,C,B,AD,A,AC,AC,BD,C,C,B,D,A,A,AC,C,B,AC,D
379,A,E,A,B,AC,A,C,ABC,B,C,A,B,C,E,BC,BCD,C,AD,ABC,B,C,ABCD,C,B,ABCD,BCD
380,A,E,A,B,A,A,D,D,A, ,A,A,A,A,B,A,A,A,CD,D,C,A,B,D,BD,ABD
381,A,E,DE,BE,AB,ABC,CD,ABD,BD,B,A,B,AC,E,C,BCD,ABD,B,CD,D,C,ABCD,A,B,ABCD,D
382,A,E,AE,BCD,A,C,C,D,C,CD,AB,B,AC,B,C,BC,AB,A,C,C,C,A,B,C,AC,B
383,A,ABD,A,AB,A,C,B,ABC,D,CD,ABC,B,A,AC,C,ABD,BD,B,CD,C,A,ABCD,B,C,ABCD,ABCD
384,A,E,A,B,AC,C,BC,B,BD,AB,AB,A,BC,AB,C,BD,D,B,CD,B,B,B,C,D,B,C
385,A,E,B, ,A,A,C,D,AB,C,D,A,AD,C,E,AD,AB,BD,BE,C,C,A,AB,A,A,C
386,A,E,AB,AB,ABC,AC,C,ABC,A,A,A,B,D,A,B,B,B,A,A,D,C,A,AC,C,A,C
387,A,E,E,B,A,A,C,C,AB,C,A,C,D, ,B,C,C,B,C,B,C,D,B,C,C,BD
388,A,A,B,BE,A,AC,ABC,ABCD,AB,D,A,AB,AC,E,BC,BD,AB,A,AC,AC,B,ABC,BC,C,ABCD,BD
389,B,E,B,E,AC,A,A,AB,CD,A,A,B,ACD,E,C,C,AB,AD,C,C,C,AC,B,C,AB,CD
390,A,E,A,B,AB,AC,BD,D,CD,BD,ABCD,AB,A,BC,BC,D,BD,A,C,B,A,A,AB,B,BCD,AC
391,AE,E,BDE,ABC,AC,A,C,AB,A,D,B,B,AD,E,B,ABCD,AC,BC,DE,B,C,A,C,A,ABD,ABD
392,A,E,AD,BCE,ABC,AB,D,D,C,A,ABCD,A,C,A,ABCE,ABC,ABCD,AC,AE,C,A,D,B,D,A,B
393,A,E,D,B,A,B,D,D,C,A,A,B,C,A,C,B,D,A,B,B,B,D,C,C,B,A
394,BC,C,C,B,AB,BC,BC,CD,BCD,C,D,C,A,AC,BC,AC,C,C,E,BC,AC,AB,A,C,AD,B
395,A,E,A,B,C,C,C,C,B,B,A,A,AC,E,E,C,C,B,BC,D,C,B,B,B,C,D
396,A,E,A,B,ABC,A,C,A,B,B,A,C,ACD,E,C,A,C,B,D,D,B,C,B,C,B,C
397,E,E,A,B,A,AC,AB,ABCD,ABC,A,A,A,ACD,E,B,ABC,B,B,ABC,C,A,D,B,C,D,D
398,A,E,AB,AB,AB,B,C,BC,C,C,A,ABC,ACD,E,E,AD,ABD,BC,BDE,C,AC,BD,A,C,ACD,B
399,A,E,B,E,C,C,C,D,D,D,ABD,B,AD,E,D,C,AC,D,C,C,C,B,C,C,A,B
400,A,E,A,C,A,A,B,D,A,C,B,C,B,C,B,D,D,C,D,D,C,B,C,D,ABC,ABC
401,A,A,ACE,ABD,A,AB,BC,C,AB,B,D,C,AC,ABC,BD,ACD,ACD,AD,BD,D,C,CD,AC,C,ABCD,AC
402,A,E,AB,BD,A,AB,BD,A,B,B,ABC,B,AD,E,C,AD,ABC,BC,BE,B,AC,BC,A,B,ABCD,BD
403,A,E,AD,BE,AB,ABC,B,AB,A,D,C,B,AD,E,C,CD,ABD,BC,AD,D,AC,D,C,A,ABCD,ABCD
404,A,E,BE,AD,BC,A,AC,B,D,D,ABC,AB,AD,AC,D,ABD,C,B,A,C,C,AB,C,D,AB,C
405,E,E,A,B,A,A,A,AB,CD,A,AB,B,ACD,A,B,AD,BD,C,E,B,B,ABC,B,C,ABCD,ABCD
406,A,E,AD,BE,A,ABC,ABC,ABCD,A,A,AC,B,A,A,B,BD,BD,B,CDE,B,AC,A,B,C,A,BCD
407,A,E,B,D,C,A,B,D,D,B,C,A,C,B,E,B,C,B,E,D,A,C,A,D,D,D
408,A,A,A,B,A,AC,ABCD,ABCD,A,D,A,A,A,E,C,D,ABD,BC,CD,B,A,AB,B,C,ABCD,ABCD
409,ABC,ABCD,AB, ,AC,A, ,AB,ABCD,AC,BC,AB,ACD,A,C,A,AD,AD,D,D,A,AD,A,B,C,BD
410,A,E,E,B,BC,BC,C,BD,CD,BD,AB,B,BC,AC,E,BC,ABD,D,E,AC,C,CD,C,BD,AC,BD
411,A,E,AD,BE,AB,AB,D,C,BC,CD,A,A,A,A,C,BD,C,A,D,B,AC,A,B,C,CD,ABCD
412,A,E,AB,ABE,C,AC,AC,D,C,D,B,A,AD,C,D,CD,BD,BC,B,D,C,D,A,B,AD,C
413,E,E,A,B,A,A,C,B,D,A,A,B,A,A,B,C,C,B,A,A,C,A,B,B,D,C
414,A,E,AD,BE,AB,A,D,ABC,D,C,BC,AB,AD,E,C,ACD,AB,BC,CE,B,A,AC,B,B,ABC,ABCD
415,A,E,ABD,BDE,AB,AC,A,ABD,AB,A,A,ABC,AD,AC,BC,AD,ABD,B,ABCDE,BC,AC,ABC,B,D,ABCD,ABCD
416,A,E,BDE,AC,C,ABC,C,ABD,ABD,B,A,A,AC, ,AB,ACD,CD,A, ,B,AC,D,C,C,AD,B
417,A,E,A,B,C,A,B,AB,C,A,A,A,AD,A,B,BD,B,B,A,D,B,A,C,B,D,A
418,A,E,A,B,B,A,C,A,A,A, ,B,A,E,E,AD,ABD,A,E,C,AC,A,A,C,A,D
419,ABCD,E,ABE,ACD,AC,AC,AC,AD,BC,BD,ABD,A,BD,AC,BC,AB,BD,BC,ABD,D,B,AB,BC,B,AD,BC
420,A,E,A,BE,AB,ABC,D,ABC,D,B,ABC,A,AD,E,C,ABCD,ACD,A,D,A,AB,ABCD,B,C,ABCD,AB
421,A,E,AD,BCE,AC,AC,CD,D,ABC,ABCD,A,A,AC,A,BC,ABCD,AB,A,AC,A,AB,AD,C,B,C,D
422,A,E,AC,BD,ABC,A,D,ABCD,C,B,AC,C,AD,A,B,ABCD,C,A,C,C,B,AD,A,C,B,D
423,A,E,A,D,A,A,B,C,D,A,B,B,A,A,B,B,B,C,C,C,B,A,B,B,A,C
424,BC,E,BDE,A,AB,AB,C,ABCD,A,A,ABC,BC,ACD,E,E,BCD,ABD,BD,CE,ABCD,BC,ABD,AC,D,A,C
425,A,E,AB,B,ABC,A,C,A,C,B,A,AB,A,A,C,BC,C,B,D,C,A,AD,C,C,AB,D
426,A,E,AD,BE,AC,AC,AD,AB,CD,AB,C,A,AD,AC,E,AD,C,BC,E,D,AB,ABC,A,BC,ABD,ABD
427,A,E,ABD,E,ABC,A,D,D,D,D,A,A,A,E,E,BD,C,B,B,C,C,AB,A,B,ABCD,BD
428,ABCD,A,AC,BD,AC,A,A,ABC,B,C,A,AB,A,E,B,ABCD,AD,B,E,B,A,AC,AB,C,ABC,B
429,A,E,A,B,A,A,D,D,C,D,D,C,A,D,B,D,B,B,D,D,B,D,B,C,B,D
430,BE,A,A,A,A,AC,BC,A,C,D,A,B,B,E,E,AC,B,D,C,A,B,D,C,D,A,C
431,A,E,B,A,A,A,B,D,C,B,A,B,C,A,C,C,D,A,B,C,B,A,ABC,A,D,D
432,B,A,ABCDE,BDE,ABC,ABC,AC,BC,AD,AC,ABCD,ABC,ACD,AC,C,AD,ABCD,BC,BCDE,B,AB,AC,A,A,BD,BD
433,A,E,A,B,A,A,AB,BD,CD,B,A,B,C,E,B,BC,ABD,C,B,B,B,A,A,C,A,C
434,A,E,A,B,BC,AC,C,C,C,A,AB,C,AD,AC,B,C,D,A,E,AC,B,AD,B,C,B,D
435,E,E,A,B,BC,A,C,A,B,C,A,B,C,AC,C,CD,C,A,D,D,C,D,C,B,B,D
436,A,E,A,B,C,A,D,D,B,C,C,C,C,A,D,B,B,A,E,D,B,C,B,D,B,A
437,A,E,AB,D,AB,ABC,ABCD,D,D,B,C,AB,A,E,E,BCD,AB,C,BCDE,B,C,AC,A,A,ABCD,B
438,A,E,A,D,A,A,B,D,A,B,A,B,A,E,C,D,B,B,D,B,C,A,B,C,ABCD,ABCD
439,A,E,BE,AB,AB,C,C,D,CD,C,AB,B,C,E,E,BCD,D,D,C,D,C,AD,A,B,A,AB
440,A,E,AC,BEF,AB,AC,ABD,AB,A,B,A,B,AD,AC,BD,AB,BC, , , , , , , , , 
441,E,E,AB,B,B,AB,AB,AB,A,A,AB,B,A,C,C,ABCD,B,A,E,C,B,B,B,C,B,A
442,AC,E,D,B,A,B,D,ABCD,D,C,A,C,AD,E,B,ABD,C,B,C,C,C,C,C,B,C,D
443,A,E,AB,DE,B,ABC,ABC,AB,C,CD,AD,AB,AD,C,A,ABCD,BCD,BC,ABCDE,C,C,AC,B,C,AB,ABCD
444,A,E,B,BE,A,A,AD,ABC,ABC,A,ABC,A,D,AC,B,ABCD,ABD,B,D,C,B,A,BC,C,AB,CD
445,B,E,A,B,A,A,C,C,B,C,A,A,A,A,B,A,AD,A,AC,B,B,AB,C,BC,C,D
446,E,ABC,A,B,A,A,AC,AC,BD,C,D,A,B,C,A,C,B,A,BE, ,C,B,C,B,D,A
447,A,E,A,B,A,A,B,C,B,A,A,A,C,A,C,A,A,B,B,D,B,B,B,B,B,D
448,A,E,AD,BE,A,AC,AB,ABCD,B,CD,A,A,BCD,E,AC,AD,ABD,AC,AD,B,A,A,B,C,ABCD,CD
449,A,A,B,C,C,ABC,C,C,C,C,C,C,C,C,C,C,C,C,BD,CD,C,B,A,B,C,ABCD
450,A,E,B,A,ABC,ABC,C,D,D,AB,A,ABC,BD,C,ABC,ABCD,AB,B,AC,BD,A,B,A,B,C,B
451,A,C,AD,BE,AC,ABC,C,ABC,D,A,A,AB,AD,AC,B,A,D,B,D,B,C,A,C,C,A,BCD
452,A,E,B,BD,AB,A,AB,CD,ABC,AC,ABC,B,ACD,A,B,ABC,AB,BC,BD,C,AC,BD,C,B,AB,CD
453,A,E,B,D,C,A,A,D,A,B,A,B,A,E,B,D,B,D,B,B,B,D,A,B,D, 
454,A,E,A,B,AB,B,A,AB,B,B,ABC,ABC,A,B,C,ABCD,ABD,BC,ACD,BC,A,ABCD,B,B,ABCD,ABD
455,A,E,B,B,A,A,D,A,A,A,A,B,AD,A,C,ABCD,ABD,B,ACDE,C,ABC,C,B,C,ABCD,ABCD
456,A,E,AB,BE,A,AC,AB,BD,AB,C,A,AB,AC,A,B,ABD,C,B,BC,D,A,AB,B,B,AC,ABD
457,A,E,AB,BD,BC,ABC,C,C,C,A,AD,C,A,ACDE,B,D,AB,B,B,B,AB,A,B,B,ABCD,ABD
458,A,E,B,D,ABC,BC,BC,B,ABCD,BD,D,B,C,D,C,BD,B,C,AD,AC,C,ABCD,B,C,ABCD,ABCD
459,A,E,B,A,ABC,ABC,C,D,C,B,ABC,A,D,D,E,BC,C,C,D,B,C,B,A,B,BD,B
460,A,E,BD,AC,ABC,AB,A,ABC,AD,C,AD,C,AC,A,C,C,AD,B,D,D,B,D,B,D,C,B
461,ABCD,E,A,B,A,AB,C,B,D,BD,A,B,AD,A,B,D,C,AD,D,C,C,ABC,A,C,A,B
462,A,E,AB,ABE,AB,A,BD,CD,D,A,A,AB,C,E,B,BD,BD,B,DE,D,B,AB,C,B,ACD,ABC
463,A,E,E,AB,AC,AB,A,C,D,CD,C,ABC,BCD,C,E,ABC,C,D,E,B,AB,B,C,C,C,C
464,A,E,AD,BE,A,AC,D,BCD,B,A,A,B,A,AC,E,AD,BD,B,D,B,A,AC,B,B,AB,ABD
465,A,E,E,B,C,A,A,D,A,A,A,A,A,AC,BC,ABCD,C,BD,D,A,B,A,C,C,BD,AC
466,A,A,A,D,AB,ABC,BD,ABCD,D,ABCD,ABC,A,ACD,E,C,ABCD,AB,C,B,B,AB,AC,A,D,ABCD,ABCD
467,A,E,A,B,AC,C,A,C,D,B,A,A,AC,AC,AC,D,C,C,CE,C,A,A,C,A,A,A
468,A,E,A,B,ABC, ,D,ABC,D,C,D,B, ,A,E,C,ABC,A,D,D,B,A,A,B,AB, 
469,A,A,A,B,C,ABC,C,C,B,B,A,A,AC,E,E,C,C,B,BC,D,C,B,B,B,C,D
470,A,E,D,D,C,C,A,B,D,C,B,A,A,E,E,A,D,A,E,B,C,A,A,C,B,D
471,AE,E,AB,AB,C,B,A,BC,BC,B,BC,B,BC,B,C,D,AD,B,A,CD, ,B,A,B, ,CD
472,A,E,DE,AB,AB,AC,C,ABC,A,B,A,AB,A,E,A,A,C,B,C,C,A,AC,A,C,ABCD,ABCD
473,A,E,A,BE,B,AB,D,A,C,D,A,ABC,AC,A,B,D,BD,B,AC,C,C,C,B,C,ABCD,C
474,AB,E,AB,DE,AC,AB,BC,B,D,B,AC,B,B,D,C,ABD,BD,A,CE,C,C,AD,C,A,BD,C
475,A,E,AB,A,A,C,C,D,B,D,A,BC,AC,A,B,CD,D,D,AD,C,B,C,AC,B,A,D
476,A,E,B,A,ABC,AC,ABCD,ABCD,BD,A,BC,BC,B,BC,B,D,B,A,D,B,A,C,C,D,ABCD,ABCD
477,A,E,AB,AB,ABC,BC,ABC,ACD,ABC,ABC,ACD,AB,ABC,ABC,ABC,ACD,ACD,BC,ABD,BC,AC,AC,AC,AD,B,C
478,A,E,C,A,ABC,AC,C,BD,B,CD,AB,B,AD,ABC,E,D,B,D,D,AC,B,AD,A,C,ABD,C
479,A,E,BCE,AD,B,A,AC,ABC,AB,C,AB,B,BD,AB,A,AB,BCD, ,BCD,AB,AC,BC,BC,AD,AB,D
480,A,E,A,B,C,ABC,D,ABC,BC,AC,A,AB,A,A,E,ABD,ABD,B,D,AB,C,C,A,C,A,BCD
481,A,E,B,A,ABC,AB, ,C, ,C,A,AB,B,E,C,ABCD,B,B,D,B,A,C,A,AB,AB,D
482,A,E,E,D,C,B,C,C,C,D,A,C,C,B,B,A,A,B,D,A,C,D,B,C,C,C
483,A,E,A,B,A,C,A,A,D,D,A,C,C,E,A,A,B,C,C,B,C,C,C,C,A,D
484,A,E,BD,A,AB,A,D,ABC,D,BD,A,C,D,AC,B,BC, ,B,ACD,D,AB,AB,C,C,AD,AD
485,A,E,AB,CDE,ABC,A,B,AB,CD,B,BC,C,A,AC,A,AD,BCD,BC,ABDE,B,A,B,B,C,B,C
486,A,E,AB,ABE,AB,A,ABD,ACD,ACD,D,ABC,C,AC,E,E,ABCD,AD,BC,AD,D,A,A,C,C,A,B
487,A,E,ABE,ABDE,AB,A,ABCD,ABC,ABCD,BD,A,C,AD,A,E,ABD,ACD,B,CDE,D,B,ABD,C,C,ABCD,ABC
488,E,E,A,A,A,AB,BC,D,D,B,A,AB,AD,E,E,BC,BC,AD,AD,C,B,AB,ABC,A,BD,AC
489,E,E,A,B,A,A,C,ABD,A,A,B,B,ACD,E,E,ABCD,ABCD,B,D,C,C,AB,A,A,B,B
490,A,E,AD,BD,A,A,D,ABC,ABC,B,D,C,AD,E,B,BD,A,AC,CDE,C,C,A,B,C,A,B
491,A,E,A,B,ABC,AC,AD,AB,D,AB,ABC,B,B,E,BD,AD,C,B,CE,C,B,AB,B,C,A,D
492,AB,E,BD,ACE,AB,ABC,BC,BD,BD,D,C,B,AC,E,B,ABCD,AD,BC,CD,D,A,C,AC,C,ACD,ABCD
493,A,E,BD,E,AB,AC,ABCD,ABCD,A,AB,AB,ABC,ACD,E,E,A,AD,B,AD,D,AB,ABC,B,C,ABCD,ABCD
494,A,E,AB,DE,A,A,B,AB,C,A,ABC,B,A,A,C,AB,BD,B,D,C,A,A,B,C,ABC,D
495,A,E,BDE,ACE,A,A,B,AB,CD,C,BD,C,AD,E, , , , , , , , , , , , 
496,A,AB,BD,B,AC,AC,D,ABD,B,D,A,ABC,AC,E,B,A,C,B,C,C,B,D,A,A,AC,AB
497,A,E,A,ABE,A,C,B,CD,AB,B,AC,B,AD,E,E,CD,C,A,AB,B,A,A,AB,BC,AC,B
498,A,E,B,C,AB,AC,AB,AB,C,AB,A,ABC,CD,E,E,BC,AC,A,ACDE,C,AC,ABCD,A,C,AC,ABCD
499,A,E,AB,BE,AB,A,A,ABC,ABC,C,A,AB,A,A,B,AD,C,B,C,B,C,ABC,A,A,AB,BCD
500,A,E,B,A,A,A,D,ABC,ABC,B,A,A,B,E,C,A,B,B,C,B,C,A,A,C,ABD,C
501,A,E,A,B,ABC,BC,D,ABC,A,B,D,B,BC,BE,BC,AD,B,A,AB,BC,B,AB,B,D,C,A
502,A,E,A,B,ABC,AC,C,AB,D,B,A,C,D,E,E,BCD,BD,B,CD,B,AC,B,AB,C,ABCD,BD
503,A,E,A,A, ,B,C,A,C,B,AD,B,A,E,E,B,B,B,E,C,C,AC,B,A,A,C
504,A,E,A,B,A,C,D,ABC,B,A,ABC,C,CD,AB,AB,D,ABD,B,D,D,C,CD,C,C,ABC,ABCD
505,A,E,A,B,AC,AB,A,AB,D,C,AB,ABC,AD,AC,D,AD,BD,A,CD,BD,B,A,B,B,ABCD,BD
506,B,E,A,B,A,A,C,ABD,A,A,AB,A,A,E,B,ABCD,ABCD,C,B,C,B,D,A,C,B,C
507,A,E,AC,BD,AC,AC,ABCD,ABD,CD,D,A,AB,AC,A,E,ABCD,ABD,BC,BE,D,AB,AD,B,B,ABCD,ABCD
508,A,E,B,A,A,A,D,ABCD,D,D,D,B,A,C,E,ABCD,A,B,B,C,C,B,B,A,D,B
509,E,E,A,B,ABC,AC,A,D,C,B,A,B,A,B,B,AD,C,A,C,B,D,B,A,C,B,A
510,E,E,B,C,A,C,CD,C,B,B,B,AC,AC,C,B,D,A,A,C,B,B,C,BC,C,C,D
511,A,E,ABE,BE,C,AB,D,ABCD,A,D,A,B,B,AC,E,ABD,D,B,AD,A,C,A,B,C,A,ABD
512,B,A,B,BC,D,B,B,C,B,C,B,D,B,D,B, ,B,C,D,D,C,C,B,D,D,D
513,A,A,A,B,AC,AC,ABCD,ABCD,CD,B,AC,B,AD,AC,C,ABCD,AB,A,B,D, ,A,B,B,A,C
514,A,E,BD,AB,AB,A,C,ABCD,C,B,CD,A,D,B,C,AD,E,A,A,D,B,C,C,B,C,A
515,A,E,A,B,ABC,AB,C,ABCD,A,BD,AB,AB,AD,E,B,ABCD,A,BD,AB,ABD,C,ACD,C,CD,AB,CD
516,A,E,AD,BD,A,C,BD,ABCD,B,A,A,AB,AD,E,E,AB,BD,BC,CD,B,AC, ,BC,C,B,D
517,A,E,AB,AB,A,A,CD,ABCD,ABCD,B,ABC,ABC,AC,AC,E,BD,A,A,D,D,B,ABC,C,C,A,C
518,A,E,B,B,AB,A,D,C,D,B,A,AB,A,E,E,BC,B,C,C,D,C,A,B,C,C,A
519,A,E,A,A,C,AC,C,D,C,B,A,A,AD,B,C,ABD,ABD,BC,AC,BD,AC,ABD,B,AC,BC,BD
520,AE,A,AD,BE,ABC,C,D,BC,D,C,C,D,CD,C,B,D,D,C,B,BD,AC,B,B,C,AC,ABD
521,A,E,AD,BE,AB,ABC,C,ABCD,A,AC,A,AB,ACD,AC,BC,AB,D,A,ADE,B,AC,AD,A,B,ABCD,ABCD
522,A,E,AB,BD,AB,AC,ABD,ABC,AC,C,AB,ABC,A,E,B,AD,AB,B,CE,B,AC,D,A,C,ABCD,D
523,A,E,A,B,A,B,A,ABC,D,D,A,C,AD,AC,B,ABCD,AD,B,E,A,B,AD,B,C,ABC,ABC
524,ABCD,E,ABD,BDE,A,A,D,ABD,C,C,A,B,B,A,B,D,BD,D,ABC,DE,AB,B,A,C,D,B
525,A,E,ABD,BE,A,ABC,D,ABC,BD,A,AC,B,A,ABCD,E,AB,ABD,A,CDE,B,A,ABCD,B,C,B,B
526,A,E,A,B,ABC,A,C,B,D,B,AD,B,AC,E,E,ABD,AD,AD,AE,C,AB,AC,C,A,A,C
527,A,E,A,B,ABC,A,C,AB,A,AC,A,AB,AD,E,E,AD,ABD,B,BCD,C,A,A,B,C,B,C
528,A,E,BC,BDE,A,AB,AB,A,D,B,A,A,AC,AC,B,A, ,B, ,C,A, ,A,C,B,D
529,A,BD,BDE,BDE,AB,A,C,ABC,D,B,A,C,AD,E,C,AD,ACD,BC,ADE,A,C,C,B,B,B,C
530,AB,E,ABE,CD,AC,AC,C,A,C,BD,ACD,B,AC,AC,CD,AD,AB,AD,ADE,C,AC,AC,AC,B,AD,AC
531,A,E,A,B,ABC,AC,D,AC,A,BD,C,C,CD,E,BC,ABCD,AD,B,CDE,D,AC,ABCD,B,C,ABCD,ABCD
532,A,E,B,AE,A,C,D,C,BD,B,BD,B,A,ABE,AC,C,C,AD,B,D,B,C,C,AC,B,D
533,E,E,AC,BD,B,C,BC,BC,C,C,B,C,A,A,BC,BC,A,B,CD,C,B,BD,C,C,BD,AC
534,A,E,E,D,A,C,A,D,D,B,AD,A,A,E,E,A,A,B,B,C,B,A,A,B,D,A
535,A,A,A,B,A,C,D,AB,D,B,A,C,B,ABC,B,AD,CD,B,B,D,B,C,A,D,BD,B
536,A,E,B,D,A,A,C,BC,B,C,C,B,A,C,C,AD,BD,B,D,B,A,A,C,C,ABD,B
537,A,E,CD,CD,AB,AC,ABCD,ABCD,ABCD,AB,ABCD,B,AC,AC,E,ABCD,B,B,C,B,B,ABCD,A,D,ABD,ABCD
538, ,E,D,D, ,C, ,E,AC,BD,B, ,B,C,B, ,C,D,A,C, ,D,E,B, ,D
539,BD,E,BC,E,AC,A,BCD,AC,C,C,ABCD,B,AD,E,E,AB,AB,C,B,C,A,BC,C,D,AC,D
540,ABCD,E,A,B,A,C,A,D,D,D,D,C,C,C,E,BD,ABD,B,ACD,C,AC,A,B,A,A,ACD
541,A,A,AB,AB,A,AB,C,A,D,AC,ABC,A,AC,A,B,BD,B,C,B,B,A,C,B,D,A,C
542,A,E,BC,BD,AB,ABC,AB,ABC,B,C,A,B,BD,AC,B,D,AD,C,B,BC,AC,ABC,B,C,ABCD,D
543, ,B,A,BE,A,A,AB,AB,B,C,AC,AB,A,AC,C,BD,BD,B,AD,B,A,AC,B,C,ABD,D
544,AB,E,ABE,ABE,AC,A,C,AC,D,C,A,A,AC,E, ,BCD,C,AC, , , , , ,D,C, 
545,A,E,ABC,BDE,ABC,AC,A,BD,C,D,A,AB,A,E,ACD,ABD,BD,B,ACD,C,A,ABCD,A,C,ABD,ABD
546,A,E,AE,BD,AB,AB,BD,CD,AB,CD,AB,BC,BD,ABE,CD,A,BD,AC,BD,AC,AB,CD,BC,BCD,BD,ABC
547,A,E,B,C,D,C,B,C,D,C,B,A,B,C,D,C,B,A,B,C,D,C,B,B,B,B
548,E,E,C,A,C,B,D,C,A,C,B,D,B,C,A,D,C,B,A,A,B,C,B,A,B,C
549,A,A,AB,AB,B,AC,AB,D,D,D,ABCD,C,A,AB,B,BCD,B,A,D,B,AC, ,B,B,ABD,D
550,A,E,A,BDE,AB,A,A,ABC,B,C,A,ABC,B,C,E,CD,ABCD,AD,ABCDE,C,B,ABCD,B,B,C,D
551,A,E,A,E,C,ABC,C,ABD,D,D,A,ABC,D,E,B,BD,AC,A,CD,C,B,AD,C,C,ABCD,BD
552,AE,A,A,B,AC,AB,BC,ABCD,CD,AB,ABC,B,AD,E,E,AB,C,BC,D,D,C,B,A,B,ABCD,BCD
553,BC,E,C,B,C,B,B,C,A,C,A,B,AD,C,E,BC,A,C,C,D,B,C,C,D,D,C
554,A,E,B,B,A,A,C,AB,C,B,BC,B,C,E,E,CD,B,BD,BD,C,C,AB,C,C,A,AC
555,C,A,A,D,ABC,C,A,D,D,B,A,C,B,AC,B,AD,C,B,D, ,C,ABC,ABC,A,A,C
556,A,E,BC,A,A,AC,D,BD,BC,B,A,AB,ACD,E,B,BC,BD,BD,AE,A,BC,A,AC,B,AD,C
557,B,B,E,D,BC,BC,D,BCD,B,B,AB,ABC,ACD,AB,C,ABCD,ABD,BC,C,AD,C,B,B,D,ABCD,C
558,A,E,ABC,BC,A,AC,A,BD,B,A,A,B,A,E,B,AB,B,B,CE,C,C,AB,B,C,AD,D
559,E,E,AB,B,C,BC,ABC,ABC,ABC,A,ABCD,B,BC,E,AC,ACD,ABD,B,E,B,C,ABC,ABC,C,ABCD,ABCD
560,AD,E,AD,BE,A,AC,A,AD,BC,A,A,C,A,AC,E,D,BD,B,D,B,C,A,B,A,AC,BD
561,ABCD,E,A,BC,A,AB,CD,ABCD,ABD,A,ABC,ABC,AD,CDE,BD,A,B,AD,CD,B,A,A,B,B,ABCD,ABCD
562,A,A,ABCDE,B,ABC,B,C,B,B,D,AC,B,A,E,AB,D,C,C,CE,B,B,AD,D,A,C,B
563,A,E,C,B,A,A,C,D,A,B,A,B,A,E,B,B,A,D,B,BC,C,A,A,D,B,D
564,A,E,D,BE,AB,AC,ABC,AB,B,C,AC,A,AD,E,C,ABD,AD,ABD,AE,B,C,BD,A,B,AC,BCD
565,A,E,AC,BD,AB,AC,C,D,C,BD,AD,A,BC,ABD,C,B,B,BD,CD,BC,C,C,C,BD,C,B
566,A,E,AD,BE,AB,AC,BD,ABC,B,D,C,AB,AD,E,C,AC,ABD,B,ADE,D,C,ABCD,A,B,ABCD,ABCD
567,A,E,AD,BE,AB,ABC,A,ABCD,AC,AB,A,C,AD,E,E,D,C,A,E,AB,C,ABC,B,C,ABCD,ABCD
568,A,E,AC,BDE,A,AC,AB,BCD,B,CD,A,AB,A,E,E,ABD,ABD,B,CE,B,A,AC,B,C,ABCD,ABCD
569,AB,B,A,E,A,ABC,D,ABD,B,C,A,A,A,E,C,D,BCD,BD,D,B,A,A,B,C,ABCD,D
570,A,E,B,A,C,A, , ,C,B,ABC,B,B,A,B,D,D,A,B,D,A,D,C,A,A,C
571,A,E,A,B,C,AC,ABC,AB,A,B,A,B,B,E,E,B,B,B,C,B,A,D,B,A,ABC,C
572,B,B,ABCD,BE,C,C,ABC,ABC,CD,B,AC,AB,A,A,C,A,BCD,B,CDE,B,AB,ABC,C,B,ABD,BCD
573,B,E,A,B,A,A,B,BC,BC,C,AB,B,A,ACD,B,AC,C,A,C,C,C,D,A,B,ABCD,BD
574,E,E,E,B,A,A,B,AC,AD,B,AD,A,A,A,B,AB,A,B,B,B,A,B,C,B,D,B
575,E,E,D,A,C,B,C,D,C,A,D,C,C,D,C,C,B,A,A,D,C,D,B,B,B,C
576,A,E,A,B,BC,D,D,ABCD,C,C,ABCD,B,D,E,E,BCD,B,C,E,D,C,A,A,C,ABCD,ABCD
577,AE,E,ACE,BD,AB,A,C,ABDE,D,B,C,B,A,B,C,AD,B,B,D,D,C,AC,BC,B,BD,AC
578,A,E,ABD,AB,C,A,A,A,C,B,A,B,B,AE,E,D,BD,B,D,D,A,A,A,C,A,D
579,A,E,A,B,A,A,D,AB,C,B,A,B,A,C,B,AB,B,B,DE,BC,AB,ABCD,B,C,ABCD,C
580,A,E,AE,BE,A,A,CD,D,AB,D,ABC,AB,BC,E,ABCD,ABC,B,BC,BCE,C,B,ABCD,C,A,AC,ABCD
581,B,E,A,B,A,A,AB,D,A,B,AD,C,BC,E,B,B,B,B,BE,A,A,C,A,D,A,C
582,AE,E,ABE,ABE,AB,AB,ABC,BC,CD,AC,A,AB,ACD,A,B,A,ABD,BC,AD,B,AC,ABC,B,A,ABD,ABD
583,A,E,A,BCD,AB,A,ABCD,BD,C,D,A,A,AD,BC,C,ABD,ABD,C,CD,D,AC,CD,BC,B,ABCD,ABCD
584,A,E,D,E,ABC,B,C,ABCD,ABCD,C,ABCD,ABC,BD,AC,B,ABC,ABD,D,CD,B,AC,CD,B,C,ABCD,CD
585,B,E,C,D,CD,A,C,AB,B,B,D,AB,AD,A,B,B, ,D,C,B,C,A,C,A,AB,A
586,AB,E,AC,BDE,AB,AC,ABC,BCD,B,ABCD,ABC,ABC,ACD,E,E,ACD,ABD,B,CDE,AB,AC,ABC,B,C,ABCD,ABCD
587,A,E,A,B,AB,A,A,ABD,A,A,AB,B,A,E,B,BC,B,B,C,D,A,B,AC,C,A,B
588,A,E,AC,BD,AB,A,AB,AB,C,B,A,AB,AD,A,B,AB,BD,B,AE,C,A,A,C,C,AB,ABCD
589,A,E,A,B,A,AB,BD,ACD,AD,A,A,B,BCD,AD,BCD,ABD,AD,AC,D,C,C,BCD,B,C,ABCD,ABCD
590,ABCD,E,A,C,AC,A,B,BCD,A,C,C,C,AC,A,E,C,A,A,E,C,B,D,B,C,C,ACD
591,A,E,ABD,CDE,ABC,AC,ABC,AB,ACD,AB,AB,B,BCD,ABC,AB,CD,AD,AD,AD,AD,AB,ABCD,AB,C,ABD,ABD
592,A,E,A,BD,AB,A,C,AB,AB,BD,ABC,ABC,AD,AC,BD,ABCD,ABD,AD,CDE,B,ABC,ABCD,B,C,ABCD,ABCD
593,A,E,AB,B,A,AC,C,ABC,B,D,A,ABC,D,A,C,A,B,A,C,D,C,A,A,C,A,A
594,BC,E,A,BD,A,A,AB,C,D,AC,A,B,B,E,B,AD,AB,A,CD,B,AB,AD,C,A,B,D
595,B,E,A,B,AC,A,C,A,D,B,A,AB,AC,A,B,AD,C,C,AC,D,C,AC,B,D,A,C
596,A,E,AD,BE,AB,ABC,AB,ACD,A,D,A,AB,AD,A,C,ABD,ABD,BC,ACD,B,C,ABC,B,C,ABCD,ABCD
597,A,E,A,BE,AB,AC,BC,BCD,A,C,A,ABC,B,AC,A,C,B,A,E,C,B,D,B,AD,C,BD
598,B,E,AC,BC,A,B,C,D,A,C,A,A,AD,BC,B,D,B,AC,C,D,C,ABC,AC,B,AC,B
599,A,E,AB,AB,AB,A,AB,AC,AC,A,D,B,AD,E,D,AB,B,B,C,C,AC,B,B,C,BD,B
600,A,E,C,E,AC,A,AC,ACD,C,D,A,C,DE,DE,E,B,A,B,ABC,C,C,ABC,B,B,A,A
601,E,E,AB,E,ABC,AC,BD,AB,A,BD,A,ABC,BD,AC,B,ABCD,AD,A,CD,AB,AC,ABCD,A,C,ABCD,C
602,A,E,B,E,B,B,B,ABD,C,B,A,AB,A,E,C,ABCD,ABD,A,CDE,D,C,ABC,B,C,ABCD,ABCD
603,A,E,A,B,BC,A,C,AB,D,AB,A,AB,AD,AC,B,ABCD,AB,B,B,D,B,A,B,C,ABCD,ABCD
604,AB,E,B,BE,AB,AB,ABCD,ABCD,C,B,AB,A,BCD,AB,D,AD,ABD,AD,B,AB,C,ABC,C,C,ABCD,ABCD
605,A,E,C,B,AC,AC,ABCD,AB,ABC,D,ABC,B,AC,B, ,ABC,D,D,D,D,D,D,D,C,B,A
606,A,E,AB,BDE,A,ABC,D,AB,CD,AC,C,AB,AD,AC,BC,ACD,ABD,C,D,B,C,AB,B,B,ABCD,ABCD
607,A,E,A,B,A,AC,C,ABC,AB,C,A,C,A,A,C,AD,BD,B,C,C,C,D,A,D,AD,A
608,E,E,AB,ABC,AC,AC,C,ABCD,AB,B,BD,ABC,ACD,ABC,C,B,CD,A,D,D,A,ABC,BC,C,BCD,BCD
609,B,A,A,A,AC,AB,A,A, ,A,A,B,A,E, ,A,D, , ,C,B, ,B,C,A,D
610,A,E,A,B,BC,AB,C,ABD,C,A,BC,B,A,E,BD,ABD,AD,A,D,B,AC,A,B,B,ABD,B
611,A,F,AC,BE,BC,C,AC,ABCD,B,D,D,B,A,AC,E,A,ABD,B,DE,BD,C,A,B,C,ABCD,ABCD
612,B,E,AE,B,A,C,B,ABC,ABD,AB,A,AB,AC,AB,C,BD,CD,B,B,A,B,C,A,B,ABCD,D
613,A,D,A,B,AB,B,AC,ABCD,C,C,ABC,AB,AD,AD,E,A,BCD,BC,CD,D,B,ABC,A,B,CD,A
614,E,E,AB,AB,C,A,CD,ABC,B,C,C,ABC,D,ABC,ABC,C,BC,AC,C,D,C,D,C,B,ABCD,ABCD
615,A,E,A,B,AC,ABC,B,AB,A,B,A,A,AD, ,E,A,B,A,CD,D,A,ABC,A,B,B,D
616,A,E,AB,ABD,C,ABC,BC,AB,B,B,AD,B,A,AC,C,ABD,BCD,A,CDE,C,A,ABCD,AB,C,ABCD,ABCD
617,A,E,BE,AC,C,ABC,C,ABC,ABC,B,AD,ABC,C,B,E,AD,ABD,BC,E,C,AC,AC,C,B,AD,ABD
618,B,E,B,D,A,C,D,D,D,D,AB,A,AD,AC,B,A,ABD,B,BE, , ,A,B,A,A,D
619,B,E,E,C,AB,B,A,AB,C,B,A,AB,A,A,BD,A,A,C,AB,D,A,B,C,B,BD,BC
620,A,E,ABE,AB,AB,A,D,CD,ABC,B,A,AB,A,AC,E,CD,CD,BC,C,C,B,A,B,A,ABCD,C
621,A,E,B,A,C,A,C,C,AB,BD,BCD,A,A,E,E,ABCD,C,B,D,C,AC,B,A,C,ABCD,ACD
622,A,E,B,A,AC,AB,D,AB,A,AC,AD,A,AC,B,B,AB,B,B,B,D,B,ABD,ABC,C,B,A
623,A,E,A,B,AC,AC,C,CD,B,B,A,B,A,E,E,B,B,B,D,B,B,C,A,D,B,D
624,A,E,AB,BDE,A,A,D,ABCD,ABC,BCD,ACD,AB,AD,AB,ACD,AD,AB,CD,AB,AC,ABCD,ABC,B,AB,BD,BD
625,A,E,BE,AD,AB,AC,BD,AB,D,B,A,A,AD,C,B,ABC,D,BC,CE,B,B,A,C,C,ABD,C
626,A,E,BD,BE,ABC,A,C,ABC,B,B,AC,AB,CD,A,E,A,AD,B,E,B,C,A,B,B,A,ABCD
627,A,E,ACD,BE,AB,AC,D,AD,A,C,ABCD,B,A,AC,E,A,D,C,C,C,A,A,B,C,A,BCD
628,A,E,BD,BE,AB,A,D,D,B,D,A,B,AC,E,D,BCD,CD,A,BD,C,C,A,A,B,ABCD,BC
629,AB,E,C,D,A,A,C,ABC,C,A,A,B,B,A,B,ABCD,C,A,AD,D,B,B,A,D,ABCD,BD
630,A,A,BD,A,A,AB,A,AD,B,A,BC,A,AD,AC, ,D,C,B,BCD, ,A,B,B,D, ,C
631,AE,E,AD,BE,ABC,ABC,D,AB,A,B,ABC,AB,D,E,E,ABCD,AD,B,ABD,C,AB,ABCD,B,C,ABCD,ABCD
632,E,E,A,E,C,A,B,A,A,A,A,B,A,E,B,A,C,B,D,C,B,A,A,C,D,D
633,BC,E,AB,BE,A,AB,BC,C,A,C,D,A,BC,E,C,B,B,C,B,C,C,AD,C,D,AC,B
634,ABCD,AB,BE,AC,AB,AC,AC,BD,BC,B,ABD,AB,AC,ABC,BC,AB,BD,AD,ABE,D,C,BC,B,C,BD,AC
635,A,E,AB,ABE,ABC,ABC,A,ABCD,C,B,ABCD,C,A,ABC,BC,C,B,BC,C,D,B,ABCD,A,C,ABCD,ABCD
636,E,E,A,B,A,C,C,BD,AB,B,A,C,AC,E,B,D,D,B,C,AB,C,B,C,C,B,B
637,AB,E,A,B,AC,A,D,AB,C,D,BC,A,AC,E,D,AD,C,BC,CE,D,C,B,ABC,B,ABCD,ABCD
638,A,E,AB,AB,AB,C,C,ABD,C,D,A,ABC,BCD,AC,E,ABCD,ABD,BC,BE,D,AC,ABCD,B,D,AB,B
639,A,E,AC,BE,A,AC,B,C,D,C,A,AB,ACD,E,E,AB,BD,B,AD,B,C,ABC,B,C,AB,CD
640,A,E,B,D,ABC,A,C,ABCD,ABC,ABCD,A,ABC,ACD,AC,BE,E,ABD,B,CDE,B,C,A,B,C,ABCD,ABD
641,A,E,A,B,C,C,D,B,B,B,A,B,A,A,A,B,B,A,C,B,A,A,B,B,D,C
642,A,E,ACD,ACD,C,A,D,ABCD,C,A,A,B,AD,E,E,BCD,AB,A,CD,D,C,B,B,A,AB,C
643,A,E,B,B,A,AE,BC,AB,C,B,BC,B,C,E,E,CD,B,BD,BD,C,A,AB,C,B,BD,AC
644,A,E,A,AB,C,AC,BCD,CD,BD,C,ABC,AB,BCD,E,B,AB,ABD,C,ACD,C,B,BC,A,C,ABD,D
645,A,E,ABC,ABC,AC,AB,B,BC,D,D,C,A,AC,E,B,AD,C,C,E,B,C,CD,C,C,AC,A
646,B,E,B,D,C,C,C,AC,C,D,A,ABC,A,AE,E,AD,B,B,A,D,B,B,D,C,D,ABD
647,BC,E,B,D,ABC,A,ABD,ABC,B,BC,AD,AB,ACD,ACE,E,ABCD,B,B,BC,B,AC,ABC,ABC,C,AB,B
648,AE,E,ACD,BE,AC,AC,A,AB,B,BD,A,AB,A,E,CD,AD,ABD,B,CD,B,A,AB,B,B,ABC,ABCD
649,B,E,A,B,A,BC,D,ABC,C,AC,C,B,A,E,E,ACD,C,AC,B,B,C,AC,A,C,ABCD,D
650,A,E,A,AB,A,A,C,AC,C,B,C,B,A,E,BC,AD,ABD,A,D,C,C,A,A,B,ABD,BCD
651,A,E,AD,BE,A,A,A,BC,B,C,AC,AB,A,A,C,AD,BD,B,CD,B,A,A,B,C,ABCD,ACD
652,A,E,A,BD,C,AC,AB,D,AB,B,A,B,AD,AC,B,D,A,A,DE,D,A,AB,B,B,AD,BCD
653,E,E,BD,AC,B,A,AD,A,D,B,BD,A,C,E,E,AC,AB,D,A,A,C,B,C,B,C,AD
654,A,E,ABD,ACE,AB,BC,ABC,ABCD,ABD,A,C,B,BD,ACD,E,BD,AB,AD,BD,D,C,B,C,D,ACD,AB
655,A,E,AB,BE,ABC,A,AC,AB,ABC,A,ABCD,B,A,E,B,AD,BD,BC,DE,B,A,ACD,B,C,ABCD,ABCD
656,A,E,B,C,C,A,AB,D,AB,B,D,A,C,ABD,C,D,B,C,E,C,B,ACD,C,D,AC,BD
657,E,A,AB,BCDE,AC,ABC,A,C,A,AC,D,B,AD,E,B,ABCD,A,B,CD,C,A,A,B,B,A,C
658,A,E,AD,BE,A,ABC,D,ABCD,A,CD,ABC,BC,AD,AC,CD,AD,BD,A,ACD,B,A,AB,A,C,AB,ABCD
659,C,E,AB,BE,ABC,A,BD,B,D,D,ABC,A,A,ABC,B,D,D,C,ACD,D,B,D,B,C,AD,C
660,A,E,AB,AB,ABC,AC,D,ABCD,ABC,AB,ABC,AB,AD,AC,B,D,ABC,B,E,B,B,ABC,C,C,AB,B
661,A,A,AC,B,AB,ABC,D,B,B,A,A,B,A,AC,C,AD,BD,B,ACD,A,A, ,B,C,A,ABD
662,A,E,BD,BE,A,A,ABD,ACD,A,B,A,AB,ACD,AC,B,AD,ABD,B,ACD,C,C,A,C,C,ABCD,ABD
663,A,E,D,E,BC,A,A,D,C,D,D,B,A,E,B,D,CD,B,E,C,C,B,B,D,D,B
664,B,A,AE,BD,AB,A,B,A,CD,A,C,AB,ACD,A,BCD,ABCD,AB,A,CD,D,C,A,B,B,BD,ABCD
665,C,E,D,B,B,AC,A,ABD,AD,A,A,C,AC,AC,E,CD,AB,BC,CE,B,B,ABC,A,B,ACD,ABCD
666,A,E,A,B,AB,AB,A,ABC,B,A,AC,B,A,D,D,BD,BD,B,AD,B,C,CD,B,A,ABC,ABD
667,BD,E,AC,ABCDE,A,A,ABCD,BD,B,BD,A,A,A,AB,C,ABD,AB,B,D,B,AB,A,BC,C,ABCD,CD
668,B,E,A,B,AC,ABC,AC,ABC,CD,AC,A,A,ACD,C,E,AD,ABD,BD,D,D,B,ABC,A,B,AD,BD
669,A,E,BE,BD,AB,AC,AC,D,C,C,A,C,A,AC,C,A,C,B,D,B,C,D,B,C,C,C
670,B,E,A,B,AC,B,ABCD,ABC,B,A,A,ABC,AD,E,C,ABC,A,C,D,B,B,A,B,C,ABCD,AC
671,C,E,B,B,B,ABC,C,A,D,B,ABCD,A,A,E,BC,D,BC,C,D,D,C,B,A,A,ABD,C
672,A,E,B,A,C,C,C,B,B,A,A,C,A,E,B,D,C,B,D,D,B,A,B,A,C,D
673,A,E,A,BE,C,A,A,AB,C,A,A,B,AD,A,B,B,BD,A,AD,C,B,B,B,C,A,AB
674,A,E,BC,DE,C,A,C,A,AD,B,ABCD,C,C,E,C,C,CD,AD,C,C,B,C,A,C,ABCD,ABCD
675,A,E,BE,CD,A,A,AC,D,C,A,A,A,C,E,E,A,A,A,B,A,C,ACD,B,A,C,D
676,BE,E,BE,C,C,B,CD,D,C,D,A,B,AD,A,B,D,AD,C,A,C,C,B,B,C,C,D
677,A,E,A,BD,AB,AB,BC,ABC,B,D,A,C,A,AC,E,BCD,BD,CE,B,AD,A,AC,B,C,AD,CD
678,B,E,B,A,A,B,C,AB,C, ,A,BC,BC,E,E,AD,C,A,ABD,A,A,AB,C,A,AC,D
679,AD,B,AC,BD,AB,ABC,C,ABC,B,C,A,B,A,E,C,AD,AB,B,CDE,B,B,AD,B,B,B,B
680,A,E,ACD,BE,AC,ABC,C,ABCD,C,AC,AD,ABC,CD,A,BC,BD,ABD,BC,ABD,AC,B,ABC,B,C,ABCD,ACD
681,A,E,A,B,A,AC,AB,AC,ABCD,ABC,C,B,A,BC,B,CD,C,BD,C,C,B,A,C,BD,B,D
682,B,E,ACD,BDE,ABC,A,C,ABCD,ABCD,AD,A,A,ACD,AC,BC,ABD,C,AD,B,C,C,ABC,B,C,ABCD,D
683,BC,E,A,A,A,C,D,D,B,C,AD,B,A,B,C,D,B,C,A,B,B,AD,BC,BCD,A,A
684,C,A,A,C,AC,AB,B,ABCD,C,AC,AD,A,B,BD,B,AC,A,BC,BD,AC,B,A,A,AD,BC,CD
685,A,E,B,B,C,A,C,B,C,B,A,B,B,A,B,A,D,B,E,C,C,D,A,C,D,B
686,E,E,AD,B,AC,ABC,ABC,ABD,ABD,CD,C,B,BD,AC,C,ABD,BD,BD,AD,C,A,C,A,C,ABCD,ABCD
687,A,E,A,B,B,C,C,ABCD,B,A,A,B,D,AC,AC,ABD,BD,B,D,C,AB,B,A,B,ABD,ABCD
688,A,A,AD,BD,A,AC,D,C, ,C,AD,B,ACD,E,E,ABD,ABD,B,E,D,A,ACD,AB,C,AC,BD
689,B,E,AB,BE,A,A,A,ABCD,B,A,BCD,AB,AD,AC,B,A,AB,AC,B,B,ABC,D,C,C,CD,AD
690,B,E,A,B,C,C,A,D,D,C,A,ABC,BCD,C,C,A,B,C,D,D,BC,B,C,B,ABD,C
691,B,E,ABCDE,ABCDE,A,AB,A,ABCD,B,A,A,C,A,ABC,D,AB,B,D,B,B,C,A,A,A,ABCD,ABCD
692,A,E,BCD,ACDE,AC,A,CD,AB,CD,D,AB,B,BCD,E,D,AB,AB,BD,BCE,B,C,C,B,A,C,B
693,B,E,A,B,AC,B,ABD,B,C,A,A,A,A,E,C,A,B,B,D,D,C,ABC,C, ,BD,C
694,E,E,B,B,A,AB,ABC,B,A,AB,A,B,CD,BC,B,BD,B,AD,B,C,C,B,A,D,AB,CD
695,A,E,BE,BE,A,B,C,BC,A,A,A,A,A,E,E,A,BD,B,D,C,B,A,B,B,AD,C
696,A,E,A,ABE,AB,ABC,C,AB,A,B,A,AB,D,E,B,ABD,AB,B,CD,C,A,A,B,C,ABCD,ABCD
697,AE,E,AE,ABE,ABC,C,BD,AB,AB,B,A,ABC,B,AC,AC,BC,ABD,C,A,ABCD,B,CD,B,D,B,ABD
698,A,E,AC,BDE,BC,A,B,ABC,CD,D,D,A,AD,ACD,B,D,ABCD,B,C,C,C,B,A,A,ABCD,D
699,E,E,A,B,C,C,C,AB,CD,B,D,C,A,B,D,B,C,B,E,B,D,B,C, ,A,C
700,A,E,AB,C,A,A,A,ABC,AC,A,ABC,ABCD,ACD,A,B,A,AB, ,AD, , , , ,B,BC,D
701,AB,E,BD,B,AC,AC,C,AD,AB,B,ABD,A,AD,ABC,B,A,D,AC,ACD,B,AB,AD,AB,CD,A,B
702,BC,E,A,B,ABC,A,ABCD,ABCD,D,B,ABC,B,A,C,B,BC,A,B,C,D,C,D,A,D,ABD,C
703,BC,E,B,BE,ABC,A,AB,CD,AB,A,AD,B,AC,E,E,AD,AC,A,CE,AC,ABC,AB,C,C,AB,BD
704,A,E,AC,BDE,ABC,ABC,ABD,AD,ABD,D,A,A,AD,E,B,BD,ABD,BC,CE,B,B,AD,AB,AC,AB,CD
705,ABCD,E,ABCE,ABC,A,AC,ABC,AB,B,C,BCD,B,BD,AC,B,BCD,AB,C,ACD,D,C,AC,AB,D,ABCD,CD
706,BC,E,AC,BE,ABC,AB,B,D,CD,A,A,B,BD,E,A,AB,D,B,ACD,B,C,AC,B,C,ABCD,ABCD
707,A,E,A,D,AB,A,C,AB,ABC,D,A,B,A,AC,B,AD,AD,B,C,B,A,B,BC,D,BD,C
708,A,E,AD,B,AC,A,D,C,D,C,A,A,A,E,E,D,B,C,D,A,C,A,B,B,B,C
709,A,E,A,BE,AC,AC,C,B,B,A,C,A,A,E,E,ABD,AD,A,CDE,C,AC,A,BC,C,D,AD
710,A,E,ABCD,CD,C,C,ABC,AB,C,B,C,A,BD, ,BCD,A, ,AC,BD,BC,AB,ABCD,A,C,ABCD,A
711,E,E,B,B,C,AC,BD,ABCD,A,B,AB,A,BD,E,B,AB,AB,B,BC,C,C,BC,B,B,ABCD,BD
712,B,A,A,BDE,AB,AC,AD,CD,CD,BCD,ABC,ABC,AD,CD,C,D,ABD,B,CE,B,C,ABCD,B,B,AD,ABCD
713,A,E,AB,ACD,AC,AB,BD,ABC,C,B,AC,A,A,A,B,D,B,C,A,AB,AC,ABC,B,D,B,A
714,AB,E,B,B,C,C,C,ABC,AC,B,D,AB,B,E,E,D,AB,B,D,D,A,C,B,B,A,BD
715,E,E,AD,B,AB,A,AD,ABC,D,AB,AB,B,A,E,B,ABD,B,A,AB,BC,C,BC,C,B,ABC,ABD
716,A,E,AB,DE,AB,C,B,AB,CD,B,A,A,A,E,C,D,BD,A,C,D,C,A,B,C,D,D
717,A,E,BD,BD,A,AB,A,ABD,AB,C,ABD,B,B,A,B,B,B,B,C,C,AC,ABCD,B,C,ABD,ABD
718,A,E,A,B,C,A,AB,CD,D,AB,BC,B,D,E,B,AB,B,B,D,C,C,ABCD,B,C,ABD,ABCD
719,A,E,AC,BE,AB,ABC,AC,ABCD,C,C,ABC,AB,A,AC,C,A,BCD,A,D,C,C,A,A,C,A,BC
720,E,A,BE,CD,A,A,D,ABC,AD, ,AB,A,C,AC,B,AB,ABD,B,D,C,C,A,BC,C,A,BD
721,E,E,A,BD,C,A,A,AB,CD,B,ABCD,AB,BD,A,BD,D,BC,B,C,B,C,ACD,C,C,A,C
722,A,E,A,BE,AB,C,A,ABC,B,C,A,B,A,AC,C,AD,BD,BC,D,B,B,ABC,B,C,ABCD,ABCD
723,B,A,AB,BE,AB,ABC,AB,ABC,AB,A,ABCD,AB,AD,E,E,A,BD,B,AC,D,B,D,B,C,B,ABCD
724,A,E,AC,BD,BC,A,BD,AB,AD,B,A,A,AD,E,B,AC,C,A,D,C,C,B,A,B,AD,C
725,B,E,B,BE,ABC,BC,B,A,ABC,A,ABC,C,AD,AC,B,A,C,B, ,B,A, ,B,B, ,A
726,A,E,ACD,B,A,A,AB,AB,A,A,A,A,AD,E,B,D,AB,AD,CD,BC,AB,ABC,B,A,ABD,A
727,E,E,A,BD,AB,AB,A,D,C,A,C,B,A,AC,D,AC, ,D,E,C,C,B,C, ,D, 
728,C,E,AB,AB,AB,A,ABCD,ABD,AB,C,ABC,B,B,BCD,BC,ABCD,BC,AC,BCE,ACD,BC,AC,ABC,B,ABCD,ABCD
729,A,E,B,A,A,B,B,ABC,B,D,A,B,D,AB,B,A,A,AC,AC,CD,B,BC,B,D,C,B
730,A,E,ABE,DE,ABC,A,A,D,D,A,D,AB,AC,A,B,D,B,A,B,C,B,C,B,A,A,A
731,A,E,AB,BE,A,AB,D,AB,C,B,ABC,AB,AD,E,E,ABCD,AB,B,BCD,C,C,ABD,A,C,BD,A
732,A,E,BD,E,ABC,ABC,ABD,ABCD,D,C,C,A,CD,E,C,ABCD,AD,AD,CDE,B,C,AB,B,B,C,BC
733,CD,E,ABCDE,CE,BC,A,B,ABCD,ABC,B,B,B,CD,ABC,ABCD,AC,A,CD,D,BC,ABC,AB,ABC,C,ABCD,AC
734,A,E,AD,BE,AC,ABC,BC,ABCD,B,C,ABCD,B,ACD,D,B,A,ABD,B,AD,B,B,AC,B,C,ABD,ABCD
735,A,E,E,E,ABC,C,D,A,A,A,A,C,B,C,C,D,A,A,D,C,A,ABCD,B,C,ABCD,ABCD
736,E,E,AB,BE,B,AC,D,AB,A,B,A,AB,A,AC,C,BD,D,B,DE,D,AC,A,A,B,A,ABD
737,A,E,A,B,A,ABC,AC,ABD,BC,B,A,B,AD,AC,E,BC,CD,B,ACD,C,C,B,B,C,ABCD,D
738,A,E,AD,BDE,AB,BC,C,AB,AB,A,AB,C,D,B, ,D,AB, ,C, , , ,BC,B,AD,C
739,AB,E,AE,BE,ABC,AB,D,BC,BD,B,B,B,A,A,B,ABD,BD,B,D,B,A,A,AB,C,ABD,ABCD
740,A,E,ACD,BE,A,AC,A,ACD,A,C,A,BC,A,E,C,ABD,BD,B,ACD,C,A,AB,B,C,AB,ABD
741,B,A,BD,ABCD,C,AB,CD,BD,C,B,ABCD,A,AD,ACD,D,ABD,B,BC,CD,D,C,A,B,C,ABCD,ABCD
742,A,E,A,B,C,AB,CD,ABC,D,AC,AD,C,AC,A,BC,BC,B,B,AC,C,B,AB,B,B,C,A
743,A,E,ABD,AB,ABC,AC,AC,ABCD,AB,B,D,ABC,AD,E,B,AB,AB,BC,CDE,B,AB,AD,ABC,C,ABCD,ABCD
744,A,E,B,B,A,ABC,AC,ABCD,C,AB,B,B,BC,A,E,ABD,ABD,AC,C,B,A,C,C,C,ABCD,C
745,E,E,A,CD,AB,AC,D,ABD,ABCD,B,A,B,B,A,B,CD,BD,BD,A,C,AB,AB,ABC,C,ABC,C
746,A,E,A,B,A,AB,D,C,CD,AC,AB,A,AC,BC,E,BD,BD,D,CD,D,A,A,B,A,AB,AB
747,A,E,B,BE,B,B,B,AD,D,C,D,B,B,C,B,AD,C,C,B,D,B,A,A,B,A,C
748,A,E,A,B,AB,A,D,AB,C,D,ABC,AB,A,A,C,D,BD,B,A,A,C,A,B,C,A,BCD
749,BD,E,C,C,A,B,C,D,C,A,A,B,A,E,B,D,C,B,D,B,C,A,B,C,C,D
750,A,E,AB,AB,AB,A,C,BD,B,C,A,C,AD,E,B,A,BC,C,C,D,C,BCD,C,C,B,D
751,A,E,A,BD,A,C,ABC,AC,C,B,ABC,C,AC,B,BD,A,D,A,D,C,C,B,A,C,AD,BC
752,A,E,A,B,AC,A,C,D,AB,B,ABC,ABC,BC,AC,BC,ABC,C,AD,A,AB,C,C,A,A,BD,A
753,A,E,A,BE, ,A,D,A,C,A,AC,B,AD, ,C,ABCD,ABD,B,CE,B,A,AD,A,B,ABCD,D
754,AB,E,ABE,BD,C,ABC,A,ABC,ABC,AC,A,AB,A,E,BC,AB,ABC,BC,CD,C,B,BD,AC,C,ABCD,D
755,A,E,AC,BE,AC,AC,AB,CD,C,D,AB,AB,A,AC,B,ABCD,ACD,C,AB,ABC, , , , , , 
756,AE,E,ABE,AB,C,B, ,AB,AB,A,AC,A,AB,ABC,B,BCD,B,B,A,C,B,A,AC, ,D,A
757,A,E,A,C,AB,A,C,ABD,ABD,AB,AC,AB,D,CD,E,CD,B,AC,D,C,C,AB,AB,D,A,B
758,B,E,A,B,AB,C,C,CD,C,B,BC,A,A,E,C,AD,ABD,BC,ACD,B,B,A,A,B,AD,CD
759,A,E,A,B,AC,A,A,AB,D,C,A,A,BC,B,A,ABC,B,C,A,B,C,AC,B,C,D,C
760,B,E,D,B,B,B,A,AB,AB,C,A,B,A,C,E,A,A,A,D,C,A,A,B,C,B,A
761,A,E,A,B,ABC,ABC,C,ACD,ACD,B,ABC,AB,AD,E,E,BC,ABD,B,ABCDE,B,C,C,B,C,ABD,ABD
762,A,E,BE,AD,AB,A,C,ABC,A,C,AC,B,A,E,BD,C,ABD,B, , ,A,A,B,BC,A,D
763,A,E,AD,BE,AB,AC,AC,B,A,C,ABC,B,ACD,AC,E,D,ABD,A,AC,D,B,AC,B,C,ABD,B
764,A,E,AB,BE,AB,A,D,ABCD,ACD,D,A,AB,A,A,C,BD,BD,B,AD,D,C,ABC,B,C,BD,BD
765,A,E,E,B,A,B,C,C,C,D,D,C,B,E,E,D,D,C,A,C,A,A,B,C,A,B
766,A,E,AB,BDE,AB,AC,C,ACD,AC,C,AC,B,ACD,AD,E,ABCD,AB,B,ABCDE,C,AC,AB,B,C,A,AB
767,C,E,AB,E,A,A,AB,ABCD,C,B,ACD, ,A,D,B,ABCD,BC,B,E,C,A,A,A,C,C,ABD
768,A,E,A,B,C,AB,B,D,B,D,A,AB,A,E,E,CD,AD,AB,A,C,C,ABCD,C,C,A,A
769,AB,E,AD,BE,AC,AB,ABC,ABD,A,C,AC,AB,A,A,B,AD,BD,AD,CD,C,C,A,B,C,A,BCD
770,A,E,AC,BE,A,ABC,CD,B,D,AC,AB,B,BC,AD,B,BC,BD, ,BD,AB,A,B,C,AD,CD,A
771,A,E,AB,B,AB,AC,C,AD,A,A,ABCD,AB,A,AC,C,AD,ABD,A,CDE,B,A,ABCD,B,C,ABD,ABCD
772,A,E,ABCDE,BE,AC,A,ABCD,AB,ABC,ABCD,ABCD,B,D,E,B,ABCD,ABC,B,BCE,D,AB,A,C,B,B,ABCD
773,A,E,BE,C,B,AC,D,AC,B,D,A,A,AD,E,B,AB,BD,C,C,D,BC,ABC,A,A,ABD,B
774,BCD,A,ACE,B,AB,A,C,AB,BC,AB,BCD,B,AC,AC,BD,ABCD,ACD,BC,ACD,D,B,BC,B,B,ABD,D
775,B,E,E,B,A,A,D,A,B,B,A,B,B,E,B,BC,AC,C,B,B,A,AB,C,A,AB,AD
776,BCD,E,BD,BE,A,A,B,ABC,A,A,ABC,C,AC,E,C,ABD,BD,BC,AD,D,A,A,A,B,A,D
777,A,E,BD,DE,ABC,ABC,A,ABC,ABC,C,ABD,A,B,E,CD,A,ABD,B,AD,B,D,CD,B,BCD,ABD,CD
778,A,E,AB,DE,AB,A,C,ACD,C,D,C,B,AD,AC,D,AB,D,B,D,C,A,A,A,B,AC,BD
779,A,E,A,B,AC,AB,CD,ABC,B,AC,AC,C,ACD,AC,E,AC,AD,BC,AD,C,C,AB,AB,A,AC,BD
780,E,E,A,BE,ABC,ABC,CD,AB,D,B,C,AB,ACD,ACD,BCD,ABCD,ABD,B,ACD,D,B,ABCD,A,C,A,BCD
781,A,E,B,D,AC,A,AD,D,CD,C,A,A,A,E,B,A,AD,B,C,C,A,A,B,C,ABCD,A
782,B,A,B,E,A,AC,ABD,AB,C,B,ABC,C,ACD,E,D,AD,BD,B,BD,C,A,AC,B,B,A,BCD
783,A,E,B,BE,A,A,BC,CD,B,C,AD,B,A,E,E,AD,BD,B,D,B,B,A,B,C,A,BCD
784,B,E,ACDE,BCDE,AC,A,AD,ABC,ABC,C,AD,BC,AD,AB,BC,AC,CD,AC,DE,BD,B,AC,AC,B,ABD,AC
785,A,E,ABE,ABE,ABC,C,C,ABC,ABC,B,AB,B,A,BC,E,ABC,B,B,DE,C,B,ABD,C,C,A,D
786,B,A,A,B,AC,AC,C,ACD,A,A,AC,B,A,E,CD,AD,ABD,C,DE,B,AB,ABC,A,C,ABD,D
787,A,E,E,C,AB,AC,C,D,C,A,ABD,B,AD,E,B,BC,CD,D,BD,C,B,A,C,A,ACD,B
788,A,E,AD,BDE,AB,ABC,B,CD,C,A,C,A,AC,B,A,D,AD,B,D,C,A,A,B,C,B,D
789,A,E,AD,B,AC,A,D,CD,C,B,AD,B,AD,E,A,AD,AD,BC,CE,A,AC,AC,A,D,BD,CD
790,A,E,E,B,AB,A,D,ABD,B,B,ABCD,B,AD,E,B,BC,AB,A,D,B,A,A,A,C,D,BD
791,A,D,AC,BD,C,AB,BC,ABD,ABD,AB,A,ABC,D,AC,BC,AD,B,B,CDE,D,AC,A,A,C,D,D
792,C,E,BCD,BD,AC,ABC,ACD,ABD,A,BD,ABC,B,ACD, ,BC,ABD,BC,AD,CDE,BC,AB,ABCD,C, ,ABCD,CD
793,B,ABCD,A,B,B,ABC,D,C,D,D,A,A,C,E,A,B,D,C,B,C,B,C,B,A,B,B
794,A,E,A,A,B,A,A,AB,AB,B,ABC,B,CD,ABCD,C,AB,C,B,BC,D,BD,A,B,AC,B,AC
795,A,E,C,E,A,AB,A,AC,B,C,D,C,AC,E,B,BD,AB,AD,CE,C,A,ABC,C,D,ABCD,ABD
796,A,E,BD,BC,A,A,A,ABC,B,B,AD,B,BCD,ABC,B,C,ABD,BC,CD,B,C,AD,C,B,BCD,AB
797,A,E,B,A,B,A,A,C,C,C,A,C,AC,B,B,A,C,AC,D,D,C,B,A,D,C,AB
798,A,E,A,BE,A,ABC,B,ABCD,AC,CD,ABC,AB,BCD,AC,B,ABD,BD,A,CD,B,AB,AB,B,C,ABD,ABCD
799,AB,E,A,B,C,BC,ACD,ABC,CD,AB,AD,B,AC,E,E,CD,AD,BC,BD,AB,AB,AC,BC,D,C,C
800,A,E,ABD,ABDE,AB,ABC,D,ABCD,B,A,AB,B,ACD,E,B,ABD,C,B,A,C,C,AB,B,C,ABCD,ABCD
801,A,E,B,B,C,B,C,C,D,C,A,C,B,E,B,B,A,C,E,D,A,C,A,D,A,D
802,E,E,A,B,AC,AB,B,A,C,A,B,C,C,E,E,B,A,A,D,C,B,A,A,C,C,A
803,A,E,A,AB,A,AC,AC,C,D,B,D,B,BC,AC,E,AB,B,AD,C,C,B,D,A,D,BC,B
804,A,E,A,B,ABC,AB,D,D,B,A,A,AB,A,A,BC,BCD,BD,A,AD,B,C,ABC,A,C,AB,ABCD
805,E,E,A,B,C,C,A,A,C,B,D,B,A,B,C,A,D,B,D,D,C,B,C,D,B,A
806,A,E,A,B,A,B,D,B,D,A,A,B,C,E,B,C,B,D,D,C,A,C,B,D,B,C
807,A,E,AD,A,A,AB,C,ABC,AB,BC,A,B,A,E,B,A,B,B,DE,BC,AB,ABCD,B,C,ABCD,ABCD
808,AB,AB,AB,AB,AB,A,C,ABC,ABC,A,ABC,ABC,ACD,BC,AB,ABCD,B,AD,AD,C,AC,A,A,C,BD,BD
809,A,E,A,B,C,ABC,D,ABC,C,C,A,AB,B,AC,B,BD,AB,B,D,D,AC,AC,AB,B,A,AB
810,A,E,AD,BE,AB,ABC,D,ABCD,B,A,ABC,ABC,ACD,A,C,AD,ABD,AC,C,C,AB,ABC,A,C,ABCD,ABCD
811,AE,E,ABE,B,A,AC,D,AB,C,B,C,AB,AD,E,C,BCD,C,A,AC,D,B,B,B,C,ABC,AC
812,A,E,A,B,ABC,A,B,ABC,ABC,C,D,B,ACD,E,B,AB,B,B,BC,A,A,ABCD,B,C,ABCD,ABCD
813,A,E,AE,BD,A,A,A,AB,AB,D,D,ABC,A,A,B,D,B,B,CE,D,C,B,B,C,A,D
814,A,E,B,AB,AB,ABC,C,CD,ABC,AB,A,C,A,BC,BC,BCD,C,C,C,C,B,ABC,B,C,ABCD,ABCD
815,A,E,B,BE,AB,AC,B,AB,B,B,A,AB,AC,E,C,A,D,B,CE,C,C,A,B,C,ABCD,ABCD
816,A,E,B,BD,ABC,AB,C,AD,D,AC,D,B,A,E,B,A,B,AD,BC,B,BC,AC,ABC,D,ABD,C
817,A,E,A,E,ABC,ABC,B,AB,A,C,C,AB,BD,A,D,A,C,BC,C,B,C,A,A,C,B,D
818,A,E,ABCD,ABD,AC,AB,BD,D,AB,CD,A,ABC,AC,E,CD,ABCD,AD,B,BD,A,C,C,C,B,ABCD,ABCD
819,B,E,B,D,C,AB,D,C,D,B,ABC,B,BD,A,A,AC,AB,D,B,C,BD,D,C,B,A,C
820,A,E,A,B,A,C,A,ABD,ABCD,C,ABCD,ABC,B,E,E,A,ABD,A,CD,B,B, ,B,B,ABD,ABCD
821,E,E,E,E,C,A,C,ABC,D,A,D,ABC,B,ABC,B,BD,AD,C,E,D,A,C,A,B,AC,A
822,A,E,A,BE,ABC,ABC,AB,BD,CD,B,A,AB,ACD,E,C,AD,B,B,A,B,C,ABC,B,C,A,ABCD
823,A,E,A,BE,C,A,C,AB,B,B,A,ABC,AD,AC,B,AD,ABD,B,D,B,C,A,B,B,CD,ABCD
824,B,E,A,B,A,A,A,AB,B,D,C,B,AC,E,B,D,C,D,E,D,C,A,C,B,B,D
825,A,E,AB,ABCDE,A,A,D,A,ACD,C,A,B,AD,AC,E,ABD,ABD,B,D,AB,ABC,CD,B,C,A,D
826, , ,AC,BDE,C,AC,BCD,ABCD,AB,C,A,AB,A,E,E,BD,C,BC,CDE,C,C,AC,A,C,ABCD,ABCD
827,A,E,B,C,A,B,D,B,B,D,A,B,C,B,E,D,B,C,A,D,B,A,AC,A,ABCD,BD
828,A,E,B,B,AC,ABC,A,ABD,B,D,ABC,C,AD,A,B,AC,ABD,B,CDE,A,B,B,B,A,ABCD,ABCD
829,A,E,ACD,BCE,C,AB,AD,AB,AB,B,A,B,A,AC,E,AB,ABD,BC,A,B,B,A,C, ,ABCD,ABCD
830,A,E,ACD,BDE,A,A,C,AB,A,D,A,A,AD,E,C,ABCD,D,B,D,C,B,ABC,B,C,A,D
831,E,E,E,A,C,A,AC,ABD,B,ABCD,A,A,AC,E,B,BC,ABCD,AC,CD,B,B,ABC,B,C,AD,ABCD
832,A,E,AB,BE,A,A,D,ABC,D,C,ABCD,AB,BCD,E,E,A,ABD,B,E,B,ABC,A,B,C,AB,D
833,B,E,A,C, ,BC,AC,AB,ABC,AC,A,A,BD,E,C,CD,BD,B,CD,C,B,AC,C,BD,ABD,BD
834,B,E,B,E,BC,A,AB,C,C,A,AB,ABC,A,A,C,D,BD,C,E,C,A,D,B,A,BD,A
835,A,E,ABE,ABE,C,C,A,A,BC,B,AC,B,AC,A,C,ABD,AC,A,CDE,C,C,B,B,C,D,D
836,A,E,AD,B,A,AC,C,ABCD,D,D,AD,A,A,ABC,A,AB,A,AD,A,AD,ABC,AB,B,B,ABCD,ABCD
837,A,E,D,E,AB,BC,D,ABC,AC,C,D,A,AD,A,B,ABD,B,B,C,C,C,A,A,B,A,C
838,AC,E,A,B,AB,AB,C,ABD,C,D,A,C,AC,BD,C,B,AD,A,ADE,C,A,B,C,B,BC,AD
839,BCD,E,A,B,AB,C,B,AB,C,A,A,B,ACD,AB,E,ABC,BD,B,D,BD,C,AC,C,AB,B,A
840,A,E,AC,BE,AB,A,C,ABC,ABC,C,ABC,B,AD,E,E,D,BD,B,DE,B,A,A,B,A,AD,AD
841,B,E,E,BD,AC,A,D,BD,BCD,B,AD,AB,AD,AC,B,AD,AB,BC,CD,D,C,D,A,B,AD,BCD
842,A,E,ABCDE,B,A,A,D,D,BD,A,C,B,A,E,D,AD,ABD,A,AD,B,A,ACD,B,C,ABCD,ABCD
843,BC,E,ABD,BE,A,ABC,B,ABCD,A,A,AC,AB,A,A,B,A,BD,B,AD,BC,AC, ,ABC,C,ABCD,ABCD
844,C,E,D,B,A,ABC,D,AB,C,B,B,B,AD,E,B,AD,C,B,D,D,A,AD,B,C,ABD,C
845,A,E,D,E,A,A,B,C,B,A,A,B,B,B,E,AD,C,D,E,D,C,D,B,A,ABD,BD
846,A,E,B,BE,ABC,A,AC,ABC,B,C,C,B,A,C,BC,D,ABD,B,CE,D,C,AB,B,B,ABD,AB
847,A,E,B,BDE,A,C,B,C,A,B,A,A,A,E,B,B,ABD,B,CD,A,A,C,A,A,B,D
848,A,E,E,B,AB,B,C,A,A,A,C,ABC,AD,E,E,A,B,B,D,D,B,B,B,B,D,ABD
849,A,E,ABC,DE,AB,ABC,C,AB,CD,D,A,B,AD,E,B,B,ABD,AD,CD,D,A,CD,A,C,ABCD,ABCD
850,C,E,C,BE,ABC,AC,AC,ABCD,B,C,A,ABC,AD,E,E,BD,ABD,C,ACD,C,C,ABCD,B,C,ABCD,ABCD
851,E,E,B,D,B,ABC,C,C,D,A,AD,C,BC,AC,B,D,B,BC,E,C,AB,BD,C,D,B,D
852,A,E,AC,BDE,A,A,A,ABD,A,B,AB,AB,BC,E,E,BD,AD,B,ACD,B,C,A,B,B,ABC,ABCD
853,A,E,BE,AE,AB,BC,ACD,AB,ABD, ,ABC,AB,ACD,A,D,ABCD,ABD,AC, ,B,AB,BC,AC,C,AB,CD
854,C,E,B,E,A,A,C,D,A,B,B,B,A,C,B,A,A,B,D,D,C,B,C,C,D,D
855,A,E,B,E,AB,A,AB,AB,C,BD,A,B,AD,E,AB,ABCD,BD,B,C,D,C,A,B,B,A,D
856,A,E,AD,BE,A,AC,ABC,AD,A,C,AC,AB,A,E,B,BD,D,B,D,B,A,AB,C,C,ABC,ABCD
857,B,E,A,B,AB,A,C,AD,C,B,A,A,BCD,ACD,ABCD,ABCD,AB,B,CD,C,B,ABC,B,C,ABCD,D
858,C,E,A,B,C,A,D,C,AB,A,A,C,C,E,E,A,B,B,E,C,C,C,A,C,ABD,B
859,A,E,AD,BE,AB,AC,D,AB,B,A,AB,B,AC,E,C,ABCD,B,AC,CDE,C,C,AB,B,B,ABD,ABCD
860,AB,E,B,BC,A,C,A,D,ABC,B,BC,C,BD,BC,E,AB,BD,BC,AC,D,A,A,B,C,C,D
861,A,E,ABC,ABDE,AC,AB,CD,ABCD,ABCD,CD,A,C,AD,ABD,C,BD,AD,B,DE,B,B,BC,ABC,C,AB,CD
862,A,E,AD,BD,AC,ABC,D,AD,B,D,AB,AB,ACD,AC, ,ABD,BD,B,BC,ABC,A,A,AB,C,ABCD,CD
863,A,E,AC,BD,ABC,BC,ABD,ABD,B,A,AC,ABC,AD,E,B,AC,AD,BC,D,B,C,B,B,A,ABCD,ABCD
864,A,E,AD,BE,A,AC,ABCD,ABCD,B,C,ABC,AB,ACD,E,E,AD,BD,A,D,B,A,AB,B,C,ABCD,ABCD
865,BCD,E,D,C,A,A,C,BC,D,C,D,A,AC,BC,E,BD,B,C,C,A,B,B,C,B,CD,C
866,B,E,A,B,A,AB,C,D,C,B,A,B,A,C,D,ABCD,B,C,E,C,C,B,A,C,B,D
867,AC,E,CE,AC,B,AC,B,CD,BC,BC,B,BC,BC,AC,AC,D,ABD,AC,CD,D,C,ABCD,B,D,AB,B
868,A,E,ABC,E,AB,C,D,B,CD,B,ABC,B,ACD,C,E,AD,BD,AD,DE,BC,AC,AD,A,C,ABCD,ABD
869,A,E,B,C,B,A,C,C,AB,B,CD,A,BD,ABD,C,D,B,C,D,AC,AB,ACD,B,D,A,C
870,A,E,AB,AB,B,A,A,A,C,A,BC,A,A,E,C,AD,BC,B,C,D,B,A,C,D,ABCD,B
871,AB,E,AB,B,AB,A,B,ABD,ABD,B,ABCD,ABC,AC,ABC,BC,AB,BC,BC,ACE,D,A,AB,C,A,ABD,D
872,A,E,AE,B,C,A,AB,C,D,C,D,C,C,B,BC,D,B,C,DE,C,B,C,B,A,B,AB
873,A,E,A,B,B,B,D,D,C,A,D,B,AD,AD,AC,CD,ABD,BC,BCE,B,AC,AB,AC,D,B,AC
874,AB,E,A,A,ABC,C,D,ABCD,B,A,A,ABC,ACD,AB,C,ABD,BC,B,ACD,C,C,B,B,C,ABCD,ABCD
875,A,E,A,B,A,B,A,B,A,A,D,C,B,C,B,B,B,A,A,C,B,B,B,C,A,B
876,B,E,AD,BE,B,C,A,D,D,A,A,AB,ACD,BE,C,A,ABD,B,C,BD,C,B,B,A,A,BD
877,A,E,A,C,A,C, ,A,A,D,D,B,C,D,C,C,D,B,A,B,A,BC,C,A,B,ABCD
878,A,E,AC,B,ABC,AC,ABCD,ABCD,BCD,CD,A,B,CD,E,ACD,AD,ABD,BC,BCDE,BD,AC,ABCD,B,C,ABCD,ABCD
879,E,E,AB,BD,C,A,ABD,ABCD,A,A,A,B,A,A,B,BD,BD,A,D,AC,A,ABCD,A,C,AC,C
880,A,E,AE,AD,AB,AB,CD,B,CD,C,ABC,B,ACD,E,E,AB,C,BC,E,D,C,ABC,C,C,ABCD,ABCD
881,E,E,AD,BD,AC,ABC,C,ABCD,AD,D,C,B,A,ABC,B,ABCD,ABD,A,ADE,B,A,AB,D,C,ABD,ABD
882,A,E,AE,BE,ABC,A,CD,ABCD,ABCD,B,BD,C,A,C,D,AD,CD,B,D,B,B,D,A,D,ABCD,ABCD
883,ABCD,E,A,BE,ABC,AB,C,AB,B,C,A,A,AD,E,AC,ABD,ABD,B,D,B,B,D,B,C,ABCD,ABCD
884,BC,CE,ABCDE,ABE,ABC,AC,AC,AC,D,D,ABC,B,AD,ACE,B,ABD,B,BC,ACDE,A,AB,ABC,C,B,AC,AC
885,A,E,ADE,BCE,C,ABC,D,ABC,CD,C,AB,A,BD,BC,E,AD,ACD,BC,C,D,C,A,ABC,D,AD,C
886,A,E,ADE,DE,A,AB,CD,CD,AB,AB,D,B,A,E,E,ABD,AB,B,CDE,B,B,C,B,C,BCD,D
887,A,E,D,B,C,A,AB,D,AB,B,C,B,A,C,B,D,AB,B,D,C,C,A,B,C,AC,BD
888,ABC,E,AD,BE,ABC,A,C,ABD,B,B,AB,AB,A,E,E,ABCD,BC,B,D,B,B,ABCD,AC,B,ABCD,ABCD
889,B,E,ACE,B,A,AC,ABC,AB,A,A,ABCD,A,A,AC,BD,AB,ACD,C,D,D,BC,B,AC,BD,ABCD,ABCD
890, ,E,B,C,AC,AB,C,AB,BD,B,AC,B,AD,E,AC,AB,BC,A,AD,C,AB,AB,A,C,AD,AD
891,AB,E,A,B,A,AC,C,CD,A,C,A,ABC,AD,A,B,D,BD,A,D,B,C,ABCD,B,C,B,D
892,A,E,BDE,AB,A,A,A,C,D,C,A,AB,A,AC,C,ABCD,ABD,C,BD,B,A,D,B,C,B,B
893,A,E,A,B,C,ABC,D,BD,AB,D,AD,ABC,AC,C,A,CD,B,BC,AC,D,C,BD,C,A,AC,BD
894,ABCD,ABD,A,B,A,A,C,A,D,C,A,B,A,C,B,D,A,C,E,C,C,B,C,B,B,A
895,A,E,BD,ACD,AB,ABC,A,ABC,A,C,B,C,A,E,E,BD,A,B,CD,C,C,BD,A,B,A,C
896,E,E,AD,AD,C,AC,AC,ABCD,D,AB,ABC,B,BD,E,E,BCD,C,B,CE,AD,A,ABCD,A,B,A,B
897,A,E,AD,BE,AB,AC,AB,ABCD,B,C,AC,A,A,E,E,AD,ABD,A,D,B,A,ABC,B,C,AB, 
898, ,E,AB,DE,AC,C,CD,BCD,BD,A,AB,B,ACD,E,E,ABCD,AB,AD,BD,C,C,B,A,B,ABCD,ABCD
899,A,E,AB,CD,A,A,ABCD,A,AB,B,ABC,A,AC,AB,E,B,BC,AC,B,A,AB,AC,ABC,A,ABCD,ABCD
900,B,E,AC,BD,ABC,AC,C,ABD,CD,A,AC,B,AC,ABC,BC,BD,BD,B,CDE,B,B,ABC,C,B,ABD,AD
901,A,E,AB,E,C,ABC,D,ABC,D,D,A,A,D,AB,B,AD,AD,B,C,C,BC,ACD,B,C,BD,BCD
902,A,E,ACE,BDE,AB,ABC,A,ABCD,C,CD,ABC,AB,AD,AC,AC,ABCD,ABD,AB,CD,B,B,B,AB,B,ABCD,BC
903,ABE,E,B,E,A,ABC,ABD,ABCD,D,ABCD,A,A,ACD,E,B,B,B,B,CD,A,B,BCD,C,D,BCD,ABD
904,E,E,D,B,C,AC,A,ABD,D,A,BCD,B,A,AC,D,BCD,BCD,C,C,B,AC,A,B,C,ABD,C
905,A,E,AB,BE,AC,C,C,ABCD,B,D,C,B,AD,E,B,D,BD,BCD,E,AC,AC,ACD,A,C,ABCD,ABCD
906,A,E,C,BDE,A,AC,D,BC,BC,B,C,AB,ACD,E,E,AD,BD,B,ACDE,C,B,C,B,C,ABCD,D
907,C,E,AC,BD,AB,A,C,ABC,C,AC,AB,B,AD,ABE,E,D,ABD,AC,ACD,B,AB,AD,B,D,AC,BD
908,B,A,AC,BD, ,B,C,ABCD,BD,D,ABC,ABC,AC,E,B,AC,AB,B,D,B,B,A,C,B,A,B
909,A,E,AE,BC,ABC,A,C,AD,A,A,A,B,A,A,C,AD,B,B,D,B,AC,AC,B,C,ABCD,ABCD
910,A,E,A,B,A,ABC,A,ABCD,A,C,CD,AB,A,E,C,AD,ABD,B,D,B,AC,ABC,B,C,A,BCD
911,AE,DE,B,D,AC,AB,D,D,B,A,BC,A,A,E,E,D,BD,BC,CDE,C,B,B,C,C,BD,B
912,B,E,B,A,A,A,D,D,D,B,D,B,A,C,B,A,D,B,C,D,C,D,B,C,B,B
913,A,E,BDE,AC,A,A,AB,ABCD,B,A,A,AB,A,C,B,A,C,B,A,B,C,ABC,B,C,ABCD,ABCD
914,BD,E,AC,DE,A,A,CD,AB,CD,C,AB,C,AC,BC,BD,BC,BD,AC,CE,C,B,AC,AB,BD,ABC,ACD
915,B,A,B,C,A,A,B,ABC,D,B,A,B,BD,CE,AC,ABD,AD,BC,E,AD,B,A,A,A,C,BD
916,A,E,A,B,A,AB,D,ABC,BC,AC,AB,A,CD,E,E,AD,C,B,BCE,D,B,ABC,B,D,AB,AB
917,A,E,A,BE,A,A,C,ABC,B,D,A,AB,AD,E,A,ABC,BD,A,C,B,C,A,AB,C,ABCD,ABCD
918,A,E,BE,BD,BC,ABC,AC,AB,ABD,BD,D,A,C,AB,CD,BC,B,B,ACE,A, ,B, ,D,ABCD,ABCD
919,C,E,AC,BD,A,A,D,ABC,C,A,AD,B,AD,A,B,AD,AB,BC,C,B,C,A,B,C,B,C
920,E,E, , ,AC,AC, , , ,CD,A,B, ,ABCD,B,B, ,C,CD,C, ,ABD,AB,A,B,D
921,A,E,B,E,C,A,C,CD,C,B,A,B,AD,A,B,D,A,A,D,B,B,A,B,A,C,B
922,A,E,D,E,A,A,C,C,B,D,C,B,C,A,D,D,D,A,C,A,B,C,A,A,D,D
923,A,E,A,B,C,A,D,ABC,C,B,ABC,C,BCD,E,B,AB,AB,B,B,D,B,ABC,B,C,ABC,ABCD
924,A,D,B,D,B,C,A,D,C,B,C,D,A,C,B,C,A,C,E,C,C,B,D,C,D,B
925,B,ACD,A,B,AB,A,D,BC,CD,AB,ABC,ABC,A,E,E,AD,D,B,C,B,C,B,B,D, ,C
926,A,E,B,B,B,B,CD,AB,CD,C,CD,B,C,AB,C,AB,AD,B,C,C,B,D,B,D,C,C
927,A,E,AB,BE,ABC,B,AB,AB,B,C,A,C,AD,AC,C,AC,AB,A,CE,C,C,AC,A,C,ABCD,AC
928,A,E,ABCDE,BCE,C,BC,BC,C,ABC,BD,AD,B,AD,E,C,D,BD,BC,BE,AB,A,ACD,ABC,A,ABCD,ABCD
929,A,E,A,B,C,ABC,C,ABCD,ABC,AC,AB,B,A,AC,B,ABCD,BD,BC,CE,D,C,ABCD,B,C,AB,BCD
930,A,E,AB,B,A,A,D,ABC,ABC,A,A,AB,BCD,ABC,B,ACD,AD,AD,CDE,BD,C,ABC,B,B,ABCD,ABCD
931,A,E,B,A,C,AC,BD,B,B,A,ABC,A,AD,C,B,ABC,AC,AD, ,BC,D,B,B,A,B,AD
932,B,E,C,B,ABC,A,C,C,AB,C,ABC,C,D,E,C,BD,B,B,E,C,C,D,B,C,ABCD,C
933,A,E,ABCDE,BCDE,AB,ABC,CD,ACD,A,A,ABC,ABC,A,E,CD,CD,BD,B,E,C,A,B,B,B,BD,A
934,D,E,B,A,A,A,C,BC,B,B,B,A,A,A,B,B,A,A,C,A,B,A,C,BD,A,B
935,A,E,A,B,AB,AC,D,CD,AB,A,AD,AB,AD,A,B,BD,C,B,C,C,B,A,C,C,ABD,ABC
936,A,E,A,B,AB,AC,C,D,C,A,AD,B,AC,E,E,A,C,C,B,B,AD,C,B,ABD, , 
937,B,E,C,D,ABC,AB,C,A,C,B,A,B,AD,E,AB,BD,C,A,B,A,B,A,B,B,C,ABD
938,B,A,AC,BDE,AC,C,A,CD,ABC,B,D,C,CD,D,D,A,AD,BC,D,D,B,B,A,C,D,A
939,B,B,AB,BE,ABC,ABC,ABCD,ABC,B,CD,AD,AB,A,ABC,CD,D,AD,D,B,C,B,A,C,A,AC,AC
940,C,E,D,B,B,A,C,A,B,B,D,B,A,A,B,A,A,A,D,C,B,B,A,C,D,B
941,A,E,A,C,A,A,B,D,C,B,C,B,AD,E,E,B,A,C,AD,D,ABC,A,C,C,BD,ABCD
942,A,E,AD,BE,A,AC,BD,CD,C,CD,AC,AB,ACD,A,C,ABD,BD,B,D,B,A,A,C,B,A,ABCD
943,A,E,AB,BE,B,A,ABCD,C,AC,B,A,C,A,E,E,D,C,B,D,A,BC,C,B,A,A,C
944,A,E,ABC,DE,AB,A,B,B,A,D,A,C, ,E,A,AB,A,C,B,B,B,A,C,C,B,C
945,A,E,A,E,ABC,A,C,D,CD,B,A,B,A,E,E,C,D,A,B,ABD,AB,ABC,AC,BD,ACD,ABC
946,A,E,D,C,A,C,C,B,A,B,CD,C,C,A,B,D,B,A,B,D,A,D,B,B,D,B
947,A,E,BE,AD,AB,ABC, ,ABD,A,C,AB,AB,A,A, ,AD,ABD,B,D,D,A,A,A,C,AC,ABCD
948,AB,E,AB,AB,A,AC,C,CD,C,D,A,B,A,E,C,D,C, ,B,C,B,A,A,D,ABD,ABD
949,A,E,AB,BE,A,AB,C,ABC,C,D,ABC,AB,AD,E,D,ABCD,AB,BC,BE,A,AB,AC,A,C,BD,D
950,E,E,ABE,ABE,AB,AC,CD,D,D,B,ABCD,B,AD,ABC,E,BCD,AB,B,CE,B,A,A,ABC,D,ABD,C
951,A,E,A,B,A,BC,A,C,ABC,C,B,A,AC,BD,BC,A,BC,B,BC,A,AB,BC,C,C,AB,C
952,A,E,A,E,A,BC,AC,AB,D,D,A,B,AD,AC,E,ABD,B,AD,ADE,D,B,C,C,C,A,D
953,A,E,AC,BE,AB,A,C,BC,B,B,AB,AB,A,AC,B,ABCD,ABD,B,CD,B,C,ABC,C,D,ABCD,ABCD
954,A,E,ABE,AD,AB,AB,ABD,A,C,A,ABC,C,D,C,E,ABD,AC,AD,BC,C,C,AD,C,B,C,D
955,A,E,A,BE,A,A,C,CD,AB,C,A,B,AD,C, ,C,D,B,D,BC,A,D,B,D,BD,C
956,A,E,A,B,AB,BC,A,BC,BCD,CD,AB,A,A,E,B,D,BD,B,ACD,B,A,AB,B,C,B,BC
957,A,E,AC,BD,AC,ABC,AB,AB,C,B,A,ABC,ACD,ABC,D,AD,ABCD,BC,BD,B,AB,ACD,ABC,B,AB,CD
958,B,E,AB,ABE,AB,AC,C,AB,C,B,A,B,BD,E,E,D,C,C,A,C,B,AC,C,D,A,C
959,A,E,B,D,ABC,A,D,CD,BCD,A,D,B,A,E,E,AD,AB,BC,BE,B,B,C,B,C,D,C
960,A,E,A,B,C,C,B,C,D,C,A,B,AD,A,C,ACD,A,A,D,B,C,A,B,B,BCD,C
961,C,E,A,B,AC,A,C,AB,C,B,A,C,B,A,B,AC,B,B,A,C,C,B,C,A,D,C
962,A,E,C,B,C,A,BD,AB,D,AD,B,AC,A,AC,D,AD,B,B,C,B,C,AC,B,C,BD,D
963,A,E,A,BD,A,ABC,A,ABC,A,C,A,AB,ACD,E,C,ABD,ABD,B,D,B,ABC,A,B,B,ABCD,D
964,AE,E,AB,BD,AB,BC,C,ABD,C,D,ABCD,C,ACD,E,C,ABCD,AD,BC,E,D,C,ABC,A,C,AC,C
965,A,E,A,B,AB,AB,AB,BCD,BD,D,ABC,ABC,AD,E,C,ABCD,ABD,B,ABCD,B,AC,BCD,A,B,ABCD,ABCD
966,AB,DE,AB,BCD,C,B,BC,AB,BC,BCD,C,AB,BC,D,B,C,A,BC,B,CD,A,C,B,C,C,D
967,A,E,B,BE,A,A,C,ABC,D,C,ABC,B,A,E,B,BD,ABD,B,E,D,AB,BC,B,B,ABD,ABD
968,A,E,E,A,A,AB,B,AB,B,C,C,B,A,E,B,D,AC,B,D,C,B,B,A,D,AC,A
969,A,E,AC,B,A,ABC,A,ABCD,ABC,AB,A,AB,A,AD,B,BD,ABD,C,ABCD,C,ABC,A,B,B,AB,ABCD
970,A,E,A,D,A,C,B,AC,BC,A,B,C,E,BCD,E,ABCD,CD,A,BE,C,B,AD,BC,AD,CD,C
971, ,E,A,BDE,ABC,AC, ,ABC,B,C,A,B,AD,AC,C,D,ABD,B,BCD,C,A,A,B,B,ABD,ABD
972,A,E,AE,AE,AC,AB,A,AB, ,C,A,B,A,A,D,BCD,AD,B,CDE,C,C,D,B,A,C,C
973,E,A,AB,DE,AB,ABC,CD,BC,AD,B,BC,C,B,E,C,ABCD,ABCD,BC,CE,B,B,BC,B,B,B,D
974,A,E,A,B,C,AC,C,ABD,C,B,AB,A,BD,ABC,D,A,D,B,BD,B,C,AC,B,A,A,D
975,E,E,B,A,ABC,BC,A,C,AB,ABCD,D,B,AD,E,E,ABD,B,BC,CD,BC,ABC,D,C,D,D,B
976,A,E,ABDE,ABDE,AC,AC,C,ABD,ABD,B,ABCD,ABC,BCD,A,E,ABCD,ABCD,A,D,AB,B,B,B,B,ABCD,B
977,A,E,ABD,BDE,A,AC,AC,ABCD,A,BD,AC,B,AC,AB,C,CD,ABCD,BC,DE,C,C,ABD,AC,C,AD,AD
978,A,A,A,D,ABC,AC,ABD,ABCD,BCD,C,ABC,B,ACD,E,E,ACD,B,B,CE,C,A,AB,B,C,ABC,ABCD
979,A,E,A,B,AB,ABC,A,ACD,C,D,ABCD,AB,BD,AC,B,ABCD,ABCD,BC,ABCDE,B,B,ABC,B,B,ABCD,CD
980,A,E,ABC,BDE,AC,AB,C,ABD,ABD,BD,ABC,D,BD,ABC,B,BC,BD,AC,DE,A,B,CD,BC,AB,AC,C
981,A,E,AB,ABC,AB,AC,D,ABC,C,A,A,AB,A,E,B,D,AC,A,ABD,B,B,BD,C,C,B,ABCD
982,A,E,ABE,B,AC,BC,B,ABC,AC,C,A,A,AD,A,B,AB,AD,B,CE,C,AB,A,B,A,AB,C
983,A,E,AC,A,C,B,A,D,C,B,D,B,B,A,E,A,A,B,D,D,C,D,C,A,C,B
984,A,E,BE,A,AB,ABC,C,AC,ACD,B,D,A,BD,ABC,BC,ABCD,ABD,B,D,B,AC,D,B,C,ABCD,CD
985,A,E,AB,B,A,A,AB,ABCD,B,A,A,A,D,AC,C,ABCD,BD,B,AD,B,AC,A,B,C,A,D
986,A,E,ABC,DE,AB,BC,D,BD,AB,A,A,C,BCD,ABC,D,AC,BD,AD,ACDE,B,C,BD,B,D,A,CD
987,A,E,ABD,BE,A,AC,AB,ACD,A,B,ABC,B,A,E, ,D,AB,B,BCDE,B,C,A,AC,C,D,AB
988,B,E,A,B,C,A,C,AB,B,B,A,A,A,A,B,AD,AB,B,A,C,A,A,B,C,AB,BD
989,A,A,AD,AC,A,C,B,ABC,CD,A,ABC,A,C,D,C,A,C,A,D,C,C,B,B,B,A,B
990,A,E,AD,BE,AB,ABC,AB,ABC,A,C,AC,AB,A,A,C,ABD,ABD,B,CD,B,A,ABC,B,C,A,AB
991,A,E,BE,A,AB,AB,C,BC,C,D,A,C,A,AC,B,ABC,C,BC,CD,B,C,ABCD,A,D,ABCD,ABCD
992,A,E,A,B,AB,A,C, , ,D,A,ABC,A,A,B,ABD,A,C,AD,C,C,B,B,C,ABCD,D
993,E,E,E,B,C,A,A,D,D,C,A,B,A,E,E,D,C,D,D,D, ,D,D,D,D,D
994,A,E,AB,ABE,AC,A,B,ABC,A,B,A,AB,AD,E,E,ABCD,BC,B,CD,D,B,AB,B,B,B,D
995,A,E,A,D,A,BC,D,ABC,B,C,AD,ABC,ACD,A,C,ABCD,ABD,B,CDE,D,AB,A,AB,B,BC,AB
996,A,E,A,B,C,A,C,D,C,A,A,A,A,C,E,B,C,B,E,B,A,C,C,B,B,D
997,E,E,A,B,C,C,A,B,D,B,A,A,B,A,B,ABCD,B,AC,D,BC,AB,ABCD,A,B,BD,C
998,AE,E,ABE,BE,A,C,CD,A,A,A,D,B,A,C,B,D,B,B,D,B,A,C,B,C,A,BD
999,A,E,A,B,C,BC,AB,C,D,D,A,C,D,C,B,D,AD,C,D,D,C,A,B,B,D,ABCD
1000,A,E,AB,BD,ABC,A,B,AB, ,B,A,A,BD,AC, ,ABCD,B,A,D,D,B,AC,C,D,A,D
1001,B,E,A,B,C,A,D,B,C,A,A,ABC,A,A,B,ABC,C,B,ACD,B,B,A,B,C,C,D
1002,A,E,AB,BE,ABC,AC,BC,AB,D,A,AD,AB,A,E,E,AD,AB,B,D,C,AB,AC,A,C,A,BCD
1003,A,E,ABE,ABE,ABC,AC,B,ABC,A,AB,A,AB,ACD,E,E,ABC,BCD,C,B,B,ABC,AC,B,A,BD,BD
1004,A,E,AB,BD,C,A,A,D,D,A,A,B,A,C,A,A,B,B,D,A,B,ABD,A,C,B,A
1005,E,E,ABE,ABCDE,ABC,B,CD,ABD,C,B,A,A,C,B,E,ABD,CD,D,CE,B,A,B,C,D,C,A
1006,AB,B,AC,B,AC,ABC,A,B,C,A,A,A,A,E,C,C,A,A,C,D,C,B,A,AC,ABCD,C
1007,A,E,A,B,AB,A,D,AB,A,B,A,B,A,A,C,ABD,BD,A,CDE,B,C,A,AB,C,ABC,ABCD
1008,A,E,AD,B,AB,A,BD,AD,B,B,A,ABC,AD,A,B,BCD,AD,B,C,B,C,AB,B,C,BD,BD
1009,A,E,A,B,C,A,A,AB,A,B,A,A,BC,E,B,D,B,B,B,C,C,ABC,A,B,D,A
1010,E,E,A,B,ABC,ABC,AC,D,AD,B,AD,A,AC,ABC,BD,CD,D,BD,C,BCD,B,ABCD,B,C,CD,CD
1011,E,E,A,B,AB,C,CD,CD,C,B,A,AB,ACD,B,B,A,C,B,D,C,B,C,D,B,C,C
1012,ABCD,A,A,B,C,A,C,A,D,C,B,C,B,D,B,A,D,C,B,A,B,C,C,C,D,A
1013,B,E,ABCDE,ACE,AB,ABC,ABC,CD,ABCD,AB,A,ABC,AD,AC,CD,ABCD,ACD,B,D,A,AC,AD,B,C,ABC,ABC
1014,A,A,B,B,ABC,ABC,A,C,B,B,A,C,AC,E,E,D,D,C,B,A,B,D,C,A,A,A
1015,A,E,AD,BE,A,AC,C, , ,B,A,B,A,E, ,ABCD,ABD,B,CE,D,B,ABCD,B,B,ABCD,ABCD
1016,A,E,B,E,B,A,BD,D,C,B,ABC,C,ACD,AC,BD,AD,ACD,BD,AB,BC,AB,CD,C,B,ABCD,D
1017,A,E,AB,DE,AB,AC,A,C,D,B,A,B,AC,E,C,ABD,B,B,D,B,B,CD,A,C,BD,AD
1018,A,E,AC,B,A,AC,D,BC,C,D,AC,AB,A,AC,B,ABD,ABD,A,AD,B,C,AC,B,C,AB,ABCD
1019,A,E,AD,BE,A,C,A,ABD,C,D,A,B,A,E,A,A,A,B,D,C,C,A,B,C,AB,D
1020,A,E,ABD,BE,AC,AC,AB,ABCD,B,C,C,B,A,AC,B,ABD,ABD,AD,ACD,C,AC,A,B,C,A,BC
1021,A,E,AB,E,A,AB,BD,ABD,D,BD,A,B,ACD,AB,C,ABCD,B,AC,BE,A,C,B,A,C,A,BD
1022,A,E,AE,B,A,B,B,A,CD,BC,D,A,BC,E,B,BD,D,A,D,C,B,B,C,B,A,D
1023,A,E,AB,BDE,AB,A,C,ABC,A,C,A,AB,A,AD,C,AD,ABD,C,AD,D,C,A,B,C,A,ABCD
1024,A,E,AC,E,A,A,C,ABC,B,C,A,B,A,E,B,AB,A,B,E,B,C,A,B,A,ABCD,ABCD
1025,A,E,BDE,ACE,AB,AC,ABC,C,AB,A,A,B,AC,E,E,AD,ACD,BC,D,C,AB,AD,C,B,BD,C
1026,A,E,A,B,A,B,C,C,D,B,B,C,C,E,C,B,B,B,E,C,C,B,C,C,C,B
1027,A,E,BE,A,A,AB,B,C,B,B,A,B,B,E,E,B,C,B,E,B,B,D,A,B,A,AC
1028, , ,A,E,ABC,AB,C,ABC,A,C,CD,AB,AD,E,C,AD,BD,B,E,BC,AC,C,B,C,ABC,ABCD
1029,E,E,B,E,A,C,D,ABC,B,C,A,AB,A,E,E,AD,BD,B,ACD,B,AC,AB,C,C,B,BCD
1030,A,E,AC,BD,C,C,AC,ABC,B,A,A,C,A,BCD,D,BD,BD,BD,AB,B,A,A,AB,C,ABD,D
1031,A,E,AD,BE,AC,AC,AB,D,D,B,A,AB,A,E,B,AD,BD,BC,DE,B,A,A,B,A,AC,BCD
1032,A,E,A,BE,A,A,AD,ABD,AD,B,A,A,CDE,A,B,AD,BD,C,AC,B,A,ABCD,B,C,ABC,ABCD
1033,A,BD,AC,BE,A,AC,AB,ABC,BD,AC,C,AB,ACD,A,CD,ABD,ABD,B,ACD,BC,A,ABC,B,B,ABCD,ABCD
1034,A,E,B,B,A,A,CD,AB,BC,B,A,B,AD,B,A,AD, ,B,E, , , ,A,C, , 
1035,A,E,B,D,AC,A,D,AC,D,B,A,B,B,C,A,A,B,B,D,B,AB,BC,A,C,D,B
1036,A,E,ABCD,BDE,ABC,ABC,ABD,ABCD,CD,BD,ABC,AB,CD,ACD,BCD,ABCD,ABD,BD,ABCDE,C,AB,ABC,B,D,ABCD,ACD
1037,A, ,A,AD,A,C,B,ABD,A,B,AC,BC,AD,B,C,ABC,BC,AC,BC,C,B,BC,B,C,ABD,C
1038,A,E,B,B,A,B,ABD,BCD,BC,AB,D,C,A,E,E,B,C,B,C,C,C,C,A,B,AB,BD
1039,A,E,AD,BE,A,AC, ,AB,A,B,ABC,AB,A,A,C,AD,ABD,A,AD,B,A,A,A,B,A,BCD
1040,A,E,A,B,AB,C,A,ABD,ABD,B,D,C,BC,A,D,B,C,A,BC,C,AB,ABC,B,C,C,ABCD
1041,A,E,A,B,AB,A, ,ABCD,CD,A,A,C,B,E,C,AD,ABD,B,CDE,B,AB,B,B,D,ABCD,ABCD
1042,A,E,BE,BE,AB,AB,AC,C,A,B,AC,C,AD,C,B,ABC,AD,BC,A,C,ABC,B,A,A,BD,ABD
1043,A,D,AD,BE,A,AC,C,A,A,D,ABC,A,AD,E,C,AD,ABD,BC,CDE,B,B,ACD,B,C,AB,CD
1044,E,E,AD,BE,A,AC,D,AC,A,BD,C,AB,A,E,E,AD,BD,B,ACD,B,AC,B,ABC,C,A,BD
1045,A,E,AE,CDE,AB,AC,B,ABC,D,A,ABC,A,AD,E,BC,ACD,BD,AD,C,C,AB,BD,AB,C,ABCD,AD
1046,A,E,A,B,B,AB,C,ABCD,A,B,A,C,C,AC,BD,AB,AC,BC,CDE,B,C,AD,B,C,ABD,CD
1047,A,E,AB,B,B,ABC,D,ABC,C,A,A,ABC,AD,E,B,ABC,AD,C,A,A,B,A,C,C,D,D
1048,A,E,C,B,AB,AC,D,ABC,A,B,AD,C,A,E,E,AC,B,B,E,B,AB,ABCD,B,C,A,C
1049,A,E,ACD,BE,AB,A,A,CD,AB,AB,ABC,ABC,ACD,AC,B,A,BD,B,BE,C,B,ABC,B,B,A,D
1050,E,E,A,B,BC,C,C,AB,AB,D,A,ABC,AD,A,E,ABCD,D,B,D,C,AB,D,A,A,C,C
1051,A,E,B,BDE,AC,AC,A,BC,D,B,AC,B,AC,ABC,E,ABC,AB,C,CD,B,AC,AB,A,C,ABCD,BD
1052,A,E,A,B,A,A,D,C,C,BD,ABCD,AB,AD,E,C,D,C,A,B,B,C,A,A,B,A,A
1053,AE,E,AD,BE,AB,A,ABD,ABC,B,CD,AB,A,BCD,AC,E,ABCD,BD,B,ACD,BD,A,A,B,B,ABC,ABCD
1054,C,A,AB,BE,AB,A,ABC,B,A,B,ABC,A,D,AC,B,BC,A,A,D,AB,AB,B,C,C,D,C
1055,A,E,AD,BCE,A,A,D,D,C,C,ABC,AB,A,E,C,ABD,BD,B,CD,B,A,A,B,C,AB,CD
1056,A,E,BE,AD,A,AC,C,ABD,A,A,A,A,ACD,AC,AB,AD,C,B,ACDE,C,C,ABCD,B,C,ABD,ABCD
1057,A,E,ABC,DE,AB,A,B,B,B,AB,A,A,A,AC, ,ABD,AB,B,BD, ,B,B,C,B,ABC,ABCD
1058,A,E,AD,BE,A,A,D,CD,C,D,A,B,A,A,C,D,AB,A,AD,B,B,B,B,C,ABC,D
1059,A,E,D,A,AB,A,A,ABD,A,C,A,A,B,E,E,ABC,C,B,AD,D,C,A,A,C,AB,BC
1060,A,E,AD,BE,A,AB,ABC,ABC,C,CD,A,B,A,E,C,ABCD,D,AC,AD,C,B,A,A,C,ABCD,BCD
1061,A,E,A,B,A,B,C,C,B,A,B,C,A,B,E,B,D,B,B,C,B,A,C,C,B,D
1062,A,E,A,D,C,AB,ABD,AB,B,A,D,C,AC,A,B,A,CD,AC,C,C,C,A,C,B,ABD,C
1063,A,E,AC,BD,AC,ABC,AC,CD,ABC,AC,AD,AC,AC,ACD,D,ABCD,CD,AD,CD,D,C,BD,A,A,AD,BC
1064,A,E,A,B,AC,A,C,D,C,B,A,A,ACD,B,C,B,B,C,D,C,B,D,B,D,A,D
1065,AE,E,A,B,AB,ABC,C,ABCD,A,C,AC,AB,A,AC,C,AD,ABD,B,ACD,B,A,ABC,B,C,A,ABCD
1066,E,E,ACE,BDE,C,A,D,AB,C,BD,AB,A,A,AC,E,BCD,ABC,B,AB,B,AB,D,B,A,C,BD
1067,AE,E,ABCD,BD,ABC,AC,AB,D,AB,B,AB,B,A,E,E,C,B,B,D,D,C,D,A,B,ABCD,ABCD
1068,A,E,A,B,BC,BC,ABC,CD,D,B,AD,C,B,AB,C,ABCD,BD,A,D,D,B,A,A,A,BD,C
1069,A,E,AC,BD,AC,AC,CD,ABC,D,B,BC,A,ACD,AE,B,BCD,ABD,A,AC,C,AB,ABC,B,C,C,ABCD
1070,A,E,ABD,AC,AB,ABC,B,AB,A,B,A,B,A,A,E,AB,BD,A,D, ,A,A,B,B,A,BCD
1071,A,E,A,B,A,C,C,AB,A,B,A,B,A,E,E,B,AD,A,AD,A,B,ABCD,A,C,B, 
1072,A,A,AD,B,A,AB,ABC,AB,B,A,A,B,A,A,C,A,BD,C,E,C,AC,ACD,B,B,A,ABCD
1073,A,E,AC,BD,AB,ABC,C,ABCD,BCD,B,A,ABC,ACD,E,E,ABCD,AB,AD,ACE,C,AC,D,B,B,D,D
1074,A,E,A,B,C,C,C,D,A,A,A,B,BD,A,BC,ABCD,AB,B,C,C,C,A,A,B,B,D
1075,A,E,A,B,AB,A,B,ABC,D,C,D,B,AD,AC,B,ABCD,AD,B,D,B,C,A,B,C,BC,D
1076,A,A,AD,BE,A,A,ABD,AB,A,C,AC,AB,A,C,C,ABD,BD,B,ACD,B,A,A,B,C,A,ABCD
1077,A,E,A,B,A,A,C,AB,D,B,AC,B,D,A,C,AD,B,B,C,B,C,D,B,C,B,BD
1078,A,E,A,B,AB,AB,C,ABD,B,BD,A,C,A,AC,E,ABD,BD,BC,CD,D,B,A,A,C,B,A
1079,A,A,A,AB,AB,AC,C,AD,C, ,ABC,C,A, ,B,AD,A,AC,C,B,B,ABCD,A,C,BD,D
1080,A,B,A,A,C,B,C,B,D,B,D,B,B,C,A,A,E,C,B,B,C,B,B,C, , 
1081,C,E,A,E,A,A,D,ABCD,A,A,ABC,A,ACD,E,E,ABD,BD,B,ACD,AB,AC, ,B,C,BCD,BCD
1082,A,E,ACD,BE,C,C,ABC,AB,A,A,A,ABC,ACD,AB,C,A,ABD,AB,CD,D,C,BC,B,B,ABCD,ABCD
1083,A,E,AC,BDE,ABC,ABC,D,ABC,AC,A,AD,B,A,ACD,E,D,ABD,A,CD,A,ABC,A,A,C,ABCD,ABCD
1084,A,E,B,B,AB,A,C,D,A,BD,ABC,A,ACD,B,C,A,A,D,C,A,AB,D,C,A,BD,BD
1085,A,E,A,B,AB,AC,ABCD,D,C,D,ABCD,AB,D,E,E,AB,A,A,A,B,A,C,B,D,D,D
1086,A,E,B, ,AB,A,C,BD,D,B,AC,BC,BD,AB,C,A,B,BC,C,C,A,ACD,B,B,CD,BD
1087,A,E,BD,BDE,AC,AC,AC,BD,A,AB,A,ABC,ACD,E,BC,AD,BC,BD,CD,C,AC,AD,AB,AD,BD,C
1088,A,E,AC,BDE,A,AC,D,AB,B,A,AB,C,AD,E,E,AD,BD,B,ADE,C,AC,AB,AB,A,ABCD,ABCD
1089,A,E,AD,BE,AC,AC,CD,ABCD,ABC,A,A,AB,AD,AC,B,AD,ABD,A,D,D,A,A,B,D,A,C
1090,A,E,AD,BE,ABC,AB,AB,D,D,B,BCD,C,CD,AC,C,AB,D,C,C,B,C,A,C,B,D,A
1091,BE,E,B,E,C,AC,B,ABC,A,CD,A,C,D,E,E,C,ABD,B,ADE,D,C,AB,B,B,ABD,ABCD
1092,E,E,B,AE,ABC,BC,A,ABC,B,AC,ABCD,AB,A,ABC,C,AD,C,B,CD,A,AB,BC,A,C,BD,C
1093,A,E,AB,BDE,A,AC,AD,ABD,AD,A,AB,B,A,E,E,AD,ABD,B,CDE,B,C,B,B,C,ABCD,ABC
1094,A,E,A,B,AB,AB,ABC,ABCD,AD,CD,ABC,AB,ACD,ACD,E,AD,ABD,B,ACD,B,AC,ABCD,ABC,C,ABD,D
1095,A,E,C,D,A,ABC,C,ABCD,B,B,C,B,A,AD,B,AD,ABD,B,C,B,B,ABC,B,C,ABD,ABCD
1096,B,E,A,B,B,A,D,D,AB,B,A,C,A,E,B,B,D,A,D,D,C,C,C,B,B,D
1097,A,E,A,B,B,B,C,C,C,B,A,B,A,E,D,A,C,A,A,C,B,A,B,C,D,B
1098,A,E,A,BD,AB,A,D,AD,A,D,A,B,AD,E,C,D,AC,B,E,D,C,A,B,C,ABC,D
1099,A,E,AC,DE,ABC,A,B,ABD,ABC,A,A,C,A,E,E,ABCD,BC,A,AE,C,A,ABC,B,A,AC,D
1100,AB,E,A,AB,AC,AC,C,C,D,D,A,ABC,ACD,E,B,ABCD,AD,B,ACD,C,A,AC,A,C,ABCD,ABCD
1101,A,E,AB,BE,B,BC,B,BC,BC,AC,BD,B,AD,E,E,AD,ABD,B,CE,B,C,B,A,C,C,ABCD
1102,A,E,A,B,A,B,C,C,D,B,B,C,C,E,C,B,B,B,E,C,C,B,C,C,C,B
1103,A,E,A,B,AC,A,B,D,AB,B,B,A,A,E,B,A,C,BC,D,B,B,B,BC,C,BD,BD
1104,A,E,BCD,E,B,AC,A,ABCD,CD,AC,A,B,ACD,E,E,ABD,D,B,CD,B,C,A,A,C,ABCD,ABCD
1105,B,E,BCD,CD,A,AC,B,AB,B,B,BC,B,BD,E,B,D,ABD,A,ABD,C,AC,BC,B,D,BC,C
1106,BD,E,B,B,ABC,B,C,B,C,AB,ABCD,B,BCD,ABC,BC,ABCD,AD,BC,A,BC,BC,BD,ABC,C,B,D
1107,A,E,A,B,AB,AB,C,AB,B,B,ABC,A,BCD,AC,B,CD,ACD,A,C,B,A,D,B,C,A,CD
1108,A,E,AD,BE,A,A,C,B,D,A,ABC,AB,AD,E,E,D,BD,A,D,B,A,AC,AB,C,ABC,ABCD
1109,E,E,B,C,AB,AC,C, , , ,A,B,A,A,D,AB, , ,E,D,B,D,A,A,AC,BC
1110,A,E,AD,BE,AB,A,A,CD,D,AB,A,B,A,AC,B,A,BD,B,CD,B,A,A,A,B,B,CD
1111,A,E,A,B,AC,ABC,D,C,D,A,A,A,AD,ABC,D,CD,BD,B,BCE,D,C,BCD,B,B,ABCD,D
1112,A,A,A,D,A,B,A,C,C,A,B,B,A,E,A,B, ,A,C,D,C,A, ,A,B,A
1113,B,E,A,B,B,C,ABCD,C,A,D,B,B,C,C,E,B,C,C,D,A,C,D,A,BD,B,A
1114,A,E,AC,BE,AB,BC,C,ABD,B,A,A,A,D,E,E,BCD,A,B,A,C,A,AC,B,C,ABCD,ABCD
1115,B,A,B,A,C,B,C,B,A,B,A,B,A,E,C,ABD,AC,BC,AD,D,C,AC,A,C,D,B
1116,A,E,AB,BE,A,A,D,C,AB,A,A,BC,AC,A,B,B,BD,A,B,B,B,ABC,A,C,ABD,ABD
1117,E,E,AE,B,ABC,AB,C,AD,C,B,A,AB,AD,E,E,AD,AD,B,AD,C,A,ABCD,C,B,BC,BCD
1118,A,E,AC,BDE,AC,AB,AC,AB,B,B,ABCD,ABC,AC,A,E,ABD,AD,B,ABE,B,AB,ABCD,A,B,AB,BD
1119,A,E,BD,BE,AB,A,ABC,AB,B,B,A,C,ACD,E,E,ABD,AB,A,C,A,AC,A,B,C,ABCD,ABCD
1120,A,E,A,B,ABC,A,C,AB,A,A,CD,B,BD,ABC,E,AB,D,B,C,A,C,A,ABC,C,BCD,AC
1121,A,E,A,D,A,C,B,ABC,B,D,A,A,A,AC,B,C,A,C,B,B,A,D,B,B,A,D
1122,B,E,B,BE,A,B,D,CD,C,A,A,A,A,A,C,A,C,B,D,B,A,ABC,C,C,BD,ABD
1123,A,E,A,B,AB,A,ABC,BC,AB,B,AC,A,A,B,BC,D,CD,B,D,B,C,AB,B,B,ABCD,D
1124,A,E,A,D,C,A,A,AB,C,A,A,A,AD,A,B,B,A,D,C,B,C,B,A,B,A,D
1125,A,E,A,B,A,C,C,AD,D,B,AD,C,A,AD,B,AD,AD,C,D,C,C,A,C,B,C,A
1126,A,E,AB,DE,AB,C,D,D,AB,C,A,B,AD,A,D,AD,ABCD,BC,D,B,C,A,B,C,D,B
1127,A,E,AB,ABE,ABC,AB,A,D,D,D,ABD,AB,A,CE,C,AB,C,C,BDE,B,B,AC,C,C,AD,ABD
1128,B,E,B,A,C,C,B,D,C,A,A,A,B,C,B,B,C,C,B,B,C,A,B,C,A,D
1129,E,E,B,E,ABC,AC,BC,ABCD,CD,ABC,ABC,C,AD,E,E,AB,AB,B,CD,D,C,BCD,AB,B,BCD,B
1130,A,E,B,B,AB,A,ABD,ABD,AD,A,A,B,AD,E,C,AB,ACD,BC,A,C,AC,AD,C,C,ABD,ABCD
1131,A,E,A, ,B,AC,D,BC,AD,A,A,B,A,E,E,ABD,ACD,AD,D,D,AC,ABCD,AB,C,BC,AD
1132,E,E,AD,DE,A,A,AB,AB,D, ,A,AB,A,AC,C,AC,B,BC,AD,B,B,AC,A,C,ABCD,ABC
1133,A,E,B,D,AC,AC,D,D,C,B,C,B,AD,A,B,AD,AB,D,D,B,A,AB,B,D,AB,AB
1134,A,A,A, ,A,AC,AC,D,B,B,AD,B,C,ACE, ,AD,CD,A,AB,A,B,AC,AC,A,A,D
1135,B,E,AD,BE,AB,ABC,B,B,B,B,BD,AB,ACD,B,D,AB,ABD,BC,AD,B,C,A,B,B,ABC,C
1136,A,E,E,D,B,BC,D,ABC,AB,A,A,B,AC,E,C,B,C,B,CD,C,B,B,C,C,BCD,B
1137,E,E,A,B,AB,ABC,D,ACD,ACD,B,A,C,CD,E,E,CD,B,A,C,B,C,A,B,B,ABCD,ABCD
1138,B,A,AB,BDE,AC,BC,AB,CD,AC,C,AC,AB,A,E,C,BD,ABD,B,ACD,D,C,ABC,B,C,AB,BD
1139,A,E,A,B,A,ABC,BC,AB,A,B,A,ABC,AD,AC,C,AD,BD,B,AD,D,C,AB,AB,B,C,D
1140,A,E,B,D,A,AC,BC,CD,A,C,A,A,BD,D,B,C,D,B,D,C,A,ACD,C,A,B,D
1141,A,E,AC,BE,C,AC,C,AB,A,B,B,AB,A,E,B,ABC,A,A,D,B,C,D,B,B,AB,C
1142,ABC,E,A,B,A,BC,C,ABCD,D,B,A,B,A,E,B,A,A,A,B, ,C,C,A,C,ABCD,ABCD
1143,A,E,AC,BE,A,AB,C,ABC,AB,B,C,C,ACD,E,E,BCD,ABD,B,AD,D,AC,ABCD,A,D,B,ABCD
1144,A,E,BDE,AC,AB,A,D,ACD,AB,AB,ABD,AC,BD,AC,BD,ABCD,BC,BC,D,C,C,D,B,D,BC,C
1145,BD,E,A,B,AB,ABC,B,AB,A,C,A,A,A,BC,E,D,A,B,C,B,B,C,B,C,C,D
1146,A,E,A, ,A,C,C, ,A,B,A,B,AC,E,E,A,B,A,AD,A,B,ABCD,B,C,BD,ABCD
1147,B,E,ABD,ABCE,B,C,C,ABC,A,B,A,C,A,BD,B,AC,AD,A,BD,AC,B,ABCD,C,C,A,BD
1148,B,E,B, ,ABC,AB,A,D,C,C,D,ABC,C,A,B,AB,B,B,C,D,C,A,A,C,AB,BD
1149,A,A,A,BE,BC,BC,AC, , ,B,AC,A,AC,E,C,BD,AD,A,D,C,C,A,A,B,AC,ABCD
1150,A,E,A,BE,A,C,D,ABCD,B,AB,A,AB,D,ABC,E,D,BD,A,ACD,B,B,C,C,C,ABC,D
1151,A,E,A,BD,AB,AC,ABC,ABC,A,C,ABC,A,A,E,ABCD,ABCD,ABD,B,CDE,D,C,ABCD,B,C,ABCD,BD
1152,A,E,D,B,C,C,A,ABCD,A,A,AC,A,A,AC,E,A,A,B,C,A,A,A,B,B,ABD,D
1153, ,E,AB,B,C,C,D,A,D,A,A,B,A,A,B,D,C,C,E,B,A,BC,B,C,AB,D
1154,A,E,A,B,B,A,C,D,C,D,A,C,A,E,C,A,C,A,A,C,B,C,C,AB,CD,B
1155,E,E,A,B,AB,C,D,ABC,B,AB,A,C,A,ABC,E,B,B,B,E,B,B,C,C,C,AC,BD
1156,A,E,AC,BD,AB,ABC,A,ABC,A,A,AB,ABC,A,AC,AC,A,B,A,D,B,AB,ABC,B,B,ABCD,D
1157,E,E,A,B,A,C,D,CD,C,A,AB,B,C,B,AC,CD,C,D, ,B,C,B,C,BD,AD,B
1158,A,E,A,B,A,A,C,A,AD,B,A,A,A,E, ,ACD,ABD,B,D,C,C,ABC,B,C,A,C
1159,A,E,AB,DE,AB,AC,ABC,CD,A,C,ABC,AB,A,E,B,AB,BD,B,C,D,A,A,A,C,BD,ABD
1160,A,E,ABD,BDE,AB,AB,D,BD,CD,B,A,B,ACD,E,E,ABC,ABD,B,CD,B,B,A,B,C,ABD,ABCD
1161,A,E,AC,BDE,ABC,A,AB,AB,B,D,AC,A,AC,A,C,C,C,D,D,B,A,AD,A,C,AD,D
1162,A,E,AB,D,A,AC,A,ABD,C,B,A,AB,BD,AC,D,AB,B,B,CD,B,AB,ABD,AC,B,ABC,ABCD
1163,A,E,A,B,AB,ABC,C,ABC,BD,B,A,C,D,D,AB,ABD,B,BC,CE,C,BC,C,AB,B,AB,CD
1164,A,E,BDE,A,ABC,AC,ABC,ABD,AD,C,AC,BC,D,ABC,C,AB,B,BC,A,D,A,CD,B,A,ABD,ABD
1165,A,E,B,E,AB,B,C,BD,B,BD,A,AB,CD,E,B,AD,A,B,BC,C,C,A,A,C,B,C
1166,E,B,A,C,D,C,D,B,A,A,C,A,B, , , , , , , , , , , , , 
1167,A,E,D,B,ABC,C,A,ABC,D,B,A,AB,ACD,E,B,AB,A,B,CE,D,AC,BC,B,C,ABCD,ABCD
1168,A,E,A,B,A,A,D,C,C,A,D,B,A,A,E,AB,ABD,A,AD,B,C,A,C,B,AC,BD
1169,A,E,AB,E,AC,AC,C,ABCD,CD,D,B,ABC,ACD,AC,B,AD,B,A,CD,C,C,ABC,B,C,ABCD,ABCD
1170,A,E,AB,DE,AB,AB,A,A,A,B,A,B,B,D,C,D,BD,B,AC,B,A,BC,B,C,BCD,CD
1171,A,E,B,A,A,C,B,A,D,C,C,B,A,C,E,D,D,C,AD,A,C,A,A,C,D,A
1172,A,E,C,B,A,A,C,C,B,B,A,B,A,C,B,B,A,B,C,D,B,B,C,D,D,B
1173,A,E,AC,BE,A,AB,AB,ABCD,A,D,ABC,AB,A,E,C,ABD,ABD,A,ACD,D,B,AB,B,C,AC,ABCD
1174,A,E,A,E,B,C,C,D,D,D,A,C,A,A,B,ABC,A,D,A,D,A,AC,C,B,B,D
1175,A,E,AB,BDE,AB,ABC,D,ABCD,A,AD,AB,A,AD,E,E,ABD,BD,B,E,B,A,AD,A,C,ABCD,BCD
1176,A,E,AD,BD,A,AC, ,ABCD,A,CD,C,AB,A,E,C,AD,ABD,B,D,C,C,ABC,B,C,AC,BD
1177,A,E,B,E,A,C,C,B,B,A,A,B,AD,E,E,D,D,BC,E,B,C,D,C,B,A,B
1178,A,E,A,BD,AC,AB,CD,ABD,CD,AC,A,C,ACD,B,C,A,D,B,C,AC,BC,D,B,CD,A,C
1179,A,E,AC,BDE,AB,AC,A,ABCD,CD,ABCD,ABC,A,A,E,B,ABCD,ABD,BC,CD,D,C,BD,B,A,AC,BD
1180,A,E,A,A,A,ABC,A,D,AB,B,A,A,ACD,D,EF,A,AB,AC,E,C,C,D,C,B,AB,C
